GID	GO	EVIDENCE
AEP_00002	GO:1902600	IEA
AEP_00002	GO:0009678	IEA
AEP_00003	GO:0006796	IEA
AEP_00003	GO:0004427	IEA
AEP_00005	GO:0006935	IEA
AEP_00005	GO:0007165	IEA
AEP_00006	GO:0007165	IEA
AEP_00008	GO:0009435	IEA
AEP_00008	GO:0003952	IEA
AEP_00008	GO:0005524	IEA
AEP_00014	GO:0006352	IEA
AEP_00014	GO:0006355	IEA
AEP_00014	GO:0003677	IEA
AEP_00014	GO:0016987	IEA
AEP_00015	GO:0009082	IEA
AEP_00015	GO:0003984	IEA
AEP_00016	GO:0009082	IEA
AEP_00016	GO:1990610	IEA
AEP_00018	GO:0008654	IEA
AEP_00018	GO:0003882	IEA
AEP_00019	GO:0003852	IEA
AEP_00022	GO:0016598	IEA
AEP_00022	GO:0004057	IEA
AEP_00023	GO:0006508	IEA
AEP_00023	GO:0008914	IEA
AEP_00026	GO:0009252	IEA
AEP_00026	GO:0008881	IEA
AEP_00028	GO:0019427	IEA
AEP_00028	GO:0003987	IEA
AEP_00029	GO:0009055	IEA
AEP_00029	GO:0020037	IEA
AEP_00031	GO:0009082	IEA
AEP_00031	GO:0004160	IEA
AEP_00032	GO:0009249	IEA
AEP_00032	GO:0008961	IEA
AEP_00039	GO:0000160	IEA
AEP_00040	GO:0000160	IEA
AEP_00043	GO:0008535	IEA
AEP_00044	GO:0004129	IEA
AEP_00045	GO:0004129	IEA
AEP_00047	GO:0004129	IEA
AEP_00048	GO:0008535	IEA
AEP_00048	GO:0003674	IEA
AEP_00051	GO:0006355	IEA
AEP_00051	GO:0003677	IEA
AEP_00051	GO:0003700	IEA
AEP_00052	GO:0006779	IEA
AEP_00052	GO:0051989	IEA
AEP_00064	GO:0009307	IEA
AEP_00065	GO:0005524	IEA
AEP_00065	GO:0016887	IEA
AEP_00069	GO:0003677	IEA
AEP_00069	GO:0005524	IEA
AEP_00069	GO:0016787	IEA
AEP_00076	GO:0003677	IEA
AEP_00087	GO:0002943	IEA
AEP_00087	GO:0017150	IEA
AEP_00087	GO:0050660	IEA
AEP_00096	GO:0004494	IEA
AEP_00096	GO:0046872	IEA
AEP_00097	GO:0003924	IEA
AEP_00097	GO:0005525	IEA
AEP_00101	GO:0007165	IEA
AEP_00102	GO:0022900	IEA
AEP_00102	GO:0009055	IEA
AEP_00102	GO:0051536	IEA
AEP_00107	GO:0006289	IEA
AEP_00107	GO:0003677	IEA
AEP_00107	GO:0005515	IEA
AEP_00107	GO:0005524	IEA
AEP_00107	GO:0016787	IEA
AEP_00107	GO:0016887	IEA
AEP_00108	GO:0006355	IEA
AEP_00108	GO:0003690	IEA
AEP_00108	GO:0003700	IEA
AEP_00109	GO:0044571	IEA
AEP_00109	GO:0030170	IEA
AEP_00109	GO:0031071	IEA
AEP_00110	GO:0016226	IEA
AEP_00110	GO:0005198	IEA
AEP_00111	GO:0016226	IEA
AEP_00111	GO:0005506	IEA
AEP_00112	GO:0006457	IEA
AEP_00112	GO:0005515	IEA
AEP_00113	GO:0006457	IEA
AEP_00113	GO:0005515	IEA
AEP_00114	GO:0016226	IEA
AEP_00115	GO:0006260	IEA
AEP_00115	GO:0003677	IEA
AEP_00115	GO:0003887	IEA
AEP_00122	GO:0006222	IEA
AEP_00122	GO:0004152	IEA
AEP_00123	GO:0009052	IEA
AEP_00123	GO:0004751	IEA
AEP_00125	GO:0008703	IEA
AEP_00125	GO:0008835	IEA
AEP_00130	GO:0006355	IEA
AEP_00130	GO:0140110	IEA
AEP_00134	GO:0005515	IEA
AEP_00135	GO:0009245	IEA
AEP_00135	GO:0016462	IEA
AEP_00138	GO:0016740	IEA
AEP_00140	GO:0006423	IEA
AEP_00140	GO:0004817	IEA
AEP_00142	GO:0006633	IEA
AEP_00142	GO:0003989	IEA
AEP_00143	GO:0006400	IEA
AEP_00143	GO:0016879	IEA
AEP_00147	GO:0004488	IEA
AEP_00148	GO:0000160	IEA
AEP_00150	GO:0006086	IEA
AEP_00150	GO:0004738	IEA
AEP_00151	GO:0006086	IEA
AEP_00151	GO:0004742	IEA
AEP_00152	GO:0006096	IEA
AEP_00152	GO:0045454	IEA
AEP_00152	GO:0051068	IEA
AEP_00152	GO:0004148	IEA
AEP_00157	GO:0071586	IEA
AEP_00157	GO:0004222	IEA
AEP_00169	GO:0015990	IEA
AEP_00169	GO:0009486	IEA
AEP_00170	GO:0015990	IEA
AEP_00170	GO:0009486	IEA
AEP_00171	GO:0015990	IEA
AEP_00171	GO:0009486	IEA
AEP_00172	GO:0015990	IEA
AEP_00172	GO:0009486	IEA
AEP_00173	GO:0055085	IEA
AEP_00173	GO:0022857	IEA
AEP_00190	GO:0000373	IEA
AEP_00190	GO:0003964	IEA
AEP_00191	GO:0000373	IEA
AEP_00191	GO:0003964	IEA
AEP_00194	GO:0006355	IEA
AEP_00194	GO:0003700	IEA
AEP_00202	GO:0019629	IEA
AEP_00202	GO:0050218	IEA
AEP_00203	GO:0006099	IEA
AEP_00203	GO:0004591	IEA
AEP_00203	GO:0030976	IEA
AEP_00204	GO:0006099	IEA
AEP_00204	GO:0004149	IEA
AEP_00205	GO:0006096	IEA
AEP_00205	GO:0045454	IEA
AEP_00205	GO:0051068	IEA
AEP_00205	GO:0004148	IEA
AEP_00206	GO:0051301	IEA
AEP_00206	GO:0005524	IEA
AEP_00206	GO:0016887	IEA
AEP_00212	GO:0007059	IEA
AEP_00212	GO:0005515	IEA
AEP_00214	GO:0006165	IEA
AEP_00214	GO:0004550	IEA
AEP_00215	GO:0031167	IEA
AEP_00215	GO:0008757	IEA
AEP_00215	GO:0016433	IEA
AEP_00216	GO:0005515	IEA
AEP_00218	GO:0044237	IEA
AEP_00218	GO:0046429	IEA
AEP_00219	GO:0006427	IEA
AEP_00219	GO:0004821	IEA
AEP_00221	GO:0005515	IEA
AEP_00222	GO:0042254	IEA
AEP_00222	GO:0003924	IEA
AEP_00222	GO:0005525	IEA
AEP_00222	GO:0043022	IEA
AEP_00223	GO:0006355	IEA
AEP_00223	GO:0003723	IEA
AEP_00224	GO:0008150	IEA
AEP_00224	GO:0005525	IEA
AEP_00225	GO:0045861	IEA
AEP_00225	GO:0003674	IEA
AEP_00226	GO:0045861	IEA
AEP_00226	GO:0003674	IEA
AEP_00227	GO:0000105	IEA
AEP_00228	GO:0006164	IEA
AEP_00228	GO:0004019	IEA
AEP_00228	GO:0005525	IEA
AEP_00230	GO:0019346	IEA
AEP_00230	GO:0030170	IEA
AEP_00236	GO:0009451	IEA
AEP_00236	GO:0008173	IEA
AEP_00244	GO:0006631	IEA
AEP_00244	GO:0070403	IEA
AEP_00245	GO:0016747	IEA
AEP_00246	GO:0016627	IEA
AEP_00249	GO:0000160	IEA
AEP_00263	GO:0005515	IEA
AEP_00263	GO:0047617	IEA
AEP_00267	GO:0005524	IEA
AEP_00268	GO:0016788	IEA
AEP_00269	GO:0015837	IEA
AEP_00272	GO:1904047	IEA
AEP_00276	GO:0005975	IEA
AEP_00276	GO:0005978	IEA
AEP_00276	GO:0003844	IEA
AEP_00276	GO:0004553	IEA
AEP_00276	GO:0043169	IEA
AEP_00277	GO:0005980	IEA
AEP_00277	GO:0004133	IEA
AEP_00278	GO:0005975	IEA
AEP_00278	GO:0016868	IEA
AEP_00279	GO:0005978	IEA
AEP_00279	GO:0008878	IEA
AEP_00280	GO:0004373	IEA
AEP_00285	GO:0000160	IEA
AEP_00287	GO:0016747	IEA
AEP_00289	GO:0010181	IEA
AEP_00290	GO:0003676	IEA
AEP_00300	GO:0016787	IEA
AEP_00311	GO:0003924	IEA
AEP_00311	GO:0005525	IEA
AEP_00312	GO:0019419	IEA
AEP_00312	GO:0004781	IEA
AEP_00313	GO:0019379	IEA
AEP_00313	GO:0003824	IEA
AEP_00313	GO:0004604	IEA
AEP_00328	GO:0016491	IEA
AEP_00329	GO:0005506	IEA
AEP_00331	GO:0006526	IEA
AEP_00331	GO:0004042	IEA
AEP_00332	GO:0006139	IEA
AEP_00332	GO:0004386	IEA
AEP_00338	GO:0015920	IEA
AEP_00338	GO:0015221	IEA
AEP_00339	GO:0015920	IEA
AEP_00339	GO:0015221	IEA
AEP_00340	GO:0019538	IEA
AEP_00340	GO:0070006	IEA
AEP_00347	GO:0006633	IEA
AEP_00347	GO:0004318	IEA
AEP_00349	GO:0055085	IEA
AEP_00351	GO:0015833	IEA
AEP_00351	GO:0005524	IEA
AEP_00353	GO:0006353	IEA
AEP_00354	GO:0006413	IEA
AEP_00354	GO:0003743	IEA
AEP_00355	GO:0006396	IEA
AEP_00355	GO:0019843	IEA
AEP_00356	GO:0006400	IEA
AEP_00356	GO:0004730	IEA
AEP_00357	GO:0006412	IEA
AEP_00357	GO:0006950	IEA
AEP_00357	GO:0005525	IEA
AEP_00361	GO:0006352	IEA
AEP_00361	GO:0006355	IEA
AEP_00361	GO:0003677	IEA
AEP_00361	GO:0003700	IEA
AEP_00361	GO:0016987	IEA
AEP_00363	GO:0003723	IEA
AEP_00367	GO:0009152	IEA
AEP_00367	GO:0003938	IEA
AEP_00368	GO:0006177	IEA
AEP_00368	GO:0003922	IEA
AEP_00368	GO:0005524	IEA
AEP_00368	GO:0016462	IEA
AEP_00370	GO:0002100	IEA
AEP_00370	GO:0008251	IEA
AEP_00370	GO:0008270	IEA
AEP_00379	GO:0015949	IEA
AEP_00379	GO:0004798	IEA
AEP_00380	GO:0009252	IEA
AEP_00380	GO:0071555	IEA
AEP_00380	GO:0008932	IEA
AEP_00383	GO:0047617	IEA
AEP_00391	GO:0008168	IEA
AEP_00400	GO:0008080	IEA
AEP_00402	GO:0003995	IEA
AEP_00414	GO:0008270	IEA
AEP_00457	GO:0032775	IEA
AEP_00457	GO:0009007	IEA
AEP_00458	GO:0016747	IEA
AEP_00460	GO:0006631	IEA
AEP_00460	GO:0070403	IEA
AEP_00461	GO:0016874	IEA
AEP_00464	GO:0006979	IEA
AEP_00464	GO:0030091	IEA
AEP_00464	GO:0033743	IEA
AEP_00473	GO:0004642	IEA
AEP_00474	GO:0036211	IEA
AEP_00475	GO:0006807	IEA
AEP_00475	GO:0008773	IEA
AEP_00476	GO:0009966	IEA
AEP_00476	GO:0009975	IEA
AEP_00477	GO:0036211	IEA
AEP_00477	GO:0042586	IEA
AEP_00478	GO:0006260	IEA
AEP_00478	GO:0006281	IEA
AEP_00478	GO:0003677	IEA
AEP_00478	GO:0003911	IEA
AEP_00480	GO:0007059	IEA
AEP_00480	GO:0030261	IEA
AEP_00480	GO:0005524	IEA
AEP_00482	GO:0019877	IEA
AEP_00482	GO:0009016	IEA
AEP_00483	GO:0009089	IEA
AEP_00483	GO:0008666	IEA
AEP_00484	GO:0043107	IEA
AEP_00484	GO:0005524	IEA
AEP_00485	GO:0009089	IEA
AEP_00485	GO:0009014	IEA
AEP_00486	GO:0018364	IEA
AEP_00486	GO:0042273	IEA
AEP_00486	GO:0008276	IEA
AEP_00486	GO:0008757	IEA
AEP_00487	GO:0005524	IEA
AEP_00491	GO:0005515	IEA
AEP_00493	GO:0006810	IEA
AEP_00493	GO:0005215	IEA
AEP_00496	GO:0006869	IEA
AEP_00496	GO:0005319	IEA
AEP_00503	GO:0006396	IEA
AEP_00503	GO:0003723	IEA
AEP_00503	GO:0004540	IEA
AEP_00521	GO:0019068	IEA
AEP_00521	GO:0005198	IEA
AEP_00523	GO:0019068	IEA
AEP_00523	GO:0005198	IEA
AEP_00558	GO:0000917	IEA
AEP_00559	GO:0006364	IEA
AEP_00559	GO:0008168	IEA
AEP_00560	GO:0017148	IEA
AEP_00560	GO:0043022	IEA
AEP_00561	GO:0009435	IEA
AEP_00561	GO:0000309	IEA
AEP_00561	GO:0004515	IEA
AEP_00562	GO:0006779	IEA
AEP_00562	GO:0004109	IEA
AEP_00563	GO:0016746	IEA
AEP_00564	GO:0006189	IEA
AEP_00564	GO:0009152	IEA
AEP_00564	GO:0004637	IEA
AEP_00567	GO:0009116	IEA
AEP_00567	GO:0004845	IEA
AEP_00585	GO:0000160	IEA
AEP_00585	GO:0006355	IEA
AEP_00585	GO:0003677	IEA
AEP_00587	GO:0019288	IEA
AEP_00587	GO:0008685	IEA
AEP_00588	GO:0019288	IEA
AEP_00588	GO:0050518	IEA
AEP_00589	GO:0006281	IEA
AEP_00589	GO:0003690	IEA
AEP_00589	GO:0005515	IEA
AEP_00589	GO:0005524	IEA
AEP_00589	GO:0016887	IEA
AEP_00590	GO:0006564	IEA
AEP_00590	GO:0036424	IEA
AEP_00596	GO:0006281	IEA
AEP_00596	GO:0003906	IEA
AEP_00601	GO:0005524	IEA
AEP_00606	GO:0009236	IEA
AEP_00606	GO:0008939	IEA
AEP_00607	GO:0009236	IEA
AEP_00607	GO:0003824	IEA
AEP_00609	GO:0009058	IEA
AEP_00609	GO:0030170	IEA
AEP_00610	GO:0009236	IEA
AEP_00610	GO:0016880	IEA
AEP_00611	GO:0009236	IEA
AEP_00611	GO:0008817	IEA
AEP_00615	GO:0009236	IEA
AEP_00615	GO:0000166	IEA
AEP_00615	GO:0043752	IEA
AEP_00617	GO:0042242	IEA
AEP_00623	GO:0042619	IEA
AEP_00623	GO:0018454	IEA
AEP_00625	GO:0042619	IEA
AEP_00625	GO:0016746	IEA
AEP_00628	GO:0006559	IEA
AEP_00628	GO:0006572	IEA
AEP_00628	GO:0016034	IEA
AEP_00632	GO:0004527	IEA
AEP_00634	GO:0004797	IEA
AEP_00634	GO:0005524	IEA
AEP_00635	GO:0006310	IEA
AEP_00635	GO:0015074	IEA
AEP_00635	GO:0003677	IEA
AEP_00639	GO:0055085	IEA
AEP_00642	GO:0006508	IEA
AEP_00642	GO:0016805	IEA
AEP_00646	GO:0005524	IEA
AEP_00648	GO:0005524	IEA
AEP_00648	GO:0016887	IEA
AEP_00654	GO:0005524	IEA
AEP_00654	GO:0016887	IEA
AEP_00663	GO:0016787	IEA
AEP_00676	GO:0006304	IEA
AEP_00676	GO:0003677	IEA
AEP_00676	GO:0004519	IEA
AEP_00680	GO:0004386	IEA
AEP_00690	GO:0005524	IEA
AEP_00691	GO:0006265	IEA
AEP_00691	GO:0003677	IEA
AEP_00691	GO:0003916	IEA
AEP_00692	GO:0003676	IEA
AEP_00692	GO:0016787	IEA
AEP_00692	GO:0046872	IEA
AEP_00693	GO:0003676	IEA
AEP_00693	GO:0004519	IEA
AEP_00702	GO:0006310	IEA
AEP_00702	GO:0006355	IEA
AEP_00702	GO:0003677	IEA
AEP_00703	GO:0006432	IEA
AEP_00703	GO:0004826	IEA
AEP_00704	GO:0006432	IEA
AEP_00704	GO:0004826	IEA
AEP_00705	GO:0006412	IEA
AEP_00705	GO:0003735	IEA
AEP_00705	GO:0019843	IEA
AEP_00706	GO:0006412	IEA
AEP_00706	GO:0003735	IEA
AEP_00707	GO:0006413	IEA
AEP_00707	GO:0003743	IEA
AEP_00708	GO:0006435	IEA
AEP_00708	GO:0004829	IEA
AEP_00709	GO:0019752	IEA
AEP_00709	GO:0004451	IEA
AEP_00710	GO:0006542	IEA
AEP_00710	GO:0004356	IEA
AEP_00711	GO:0055085	IEA
AEP_00713	GO:0015846	IEA
AEP_00713	GO:0005524	IEA
AEP_00713	GO:0015417	IEA
AEP_00719	GO:0008295	IEA
AEP_00719	GO:0008783	IEA
AEP_00721	GO:0051252	IEA
AEP_00721	GO:0008428	IEA
AEP_00723	GO:0055085	IEA
AEP_00724	GO:0055085	IEA
AEP_00729	GO:0000160	IEA
AEP_00729	GO:0006355	IEA
AEP_00729	GO:0003677	IEA
AEP_00735	GO:0006559	IEA
AEP_00735	GO:0004505	IEA
AEP_00736	GO:0006559	IEA
AEP_00736	GO:0006572	IEA
AEP_00736	GO:0004334	IEA
AEP_00738	GO:0006559	IEA
AEP_00738	GO:0006572	IEA
AEP_00738	GO:0003868	IEA
AEP_00745	GO:0008610	IEA
AEP_00745	GO:0005506	IEA
AEP_00745	GO:0016491	IEA
AEP_00754	GO:0055085	IEA
AEP_00754	GO:0022857	IEA
AEP_00766	GO:0006457	IEA
AEP_00766	GO:0016887	IEA
AEP_00768	GO:0006777	IEA
AEP_00769	GO:0009089	IEA
AEP_00769	GO:0008840	IEA
AEP_00770	GO:0006777	IEA
AEP_00770	GO:0003824	IEA
AEP_00772	GO:0009088	IEA
AEP_00772	GO:0004795	IEA
AEP_00777	GO:0005524	IEA
AEP_00778	GO:0006260	IEA
AEP_00778	GO:0003677	IEA
AEP_00778	GO:0003678	IEA
AEP_00778	GO:0005524	IEA
AEP_00779	GO:0006412	IEA
AEP_00779	GO:0003735	IEA
AEP_00780	GO:0006412	IEA
AEP_00780	GO:0003735	IEA
AEP_00781	GO:0006269	IEA
AEP_00781	GO:0003697	IEA
AEP_00782	GO:0006412	IEA
AEP_00782	GO:0003735	IEA
AEP_00783	GO:0055085	IEA
AEP_00783	GO:0022857	IEA
AEP_00784	GO:0006090	IEA
AEP_00784	GO:0016310	IEA
AEP_00784	GO:0005524	IEA
AEP_00784	GO:0008986	IEA
AEP_00784	GO:0016772	IEA
AEP_00788	GO:0006880	IEA
AEP_00788	GO:0004322	IEA
AEP_00788	GO:0008199	IEA
AEP_00792	GO:0005506	IEA
AEP_00792	GO:0016706	IEA
AEP_00792	GO:0031418	IEA
AEP_00793	GO:0006810	IEA
AEP_00793	GO:0015291	IEA
AEP_00800	GO:0006396	IEA
AEP_00800	GO:0008173	IEA
AEP_00801	GO:0006352	IEA
AEP_00801	GO:0006355	IEA
AEP_00801	GO:0003677	IEA
AEP_00801	GO:0003700	IEA
AEP_00801	GO:0016987	IEA
AEP_00803	GO:0036211	IEA
AEP_00803	GO:0004719	IEA
AEP_00804	GO:0008252	IEA
AEP_00817	GO:0008654	IEA
AEP_00817	GO:0008444	IEA
AEP_00818	GO:0006289	IEA
AEP_00818	GO:0009381	IEA
AEP_00819	GO:0106361	IEA
AEP_00820	GO:0006414	IEA
AEP_00820	GO:0003746	IEA
AEP_00822	GO:0055085	IEA
AEP_00822	GO:0022857	IEA
AEP_00825	GO:0019358	IEA
AEP_00825	GO:0004516	IEA
AEP_00831	GO:0006508	IEA
AEP_00831	GO:0043335	IEA
AEP_00831	GO:0004176	IEA
AEP_00833	GO:0006099	IEA
AEP_00833	GO:0000287	IEA
AEP_00833	GO:0004450	IEA
AEP_00833	GO:0051287	IEA
AEP_00835	GO:0006099	IEA
AEP_00835	GO:0004450	IEA
AEP_00837	GO:0006308	IEA
AEP_00837	GO:0008855	IEA
AEP_00840	GO:0009245	IEA
AEP_00840	GO:0009029	IEA
AEP_00842	GO:0009244	IEA
AEP_00842	GO:0008690	IEA
AEP_00843	GO:0006139	IEA
AEP_00843	GO:0004017	IEA
AEP_00843	GO:0005524	IEA
AEP_00845	GO:0006282	IEA
AEP_00845	GO:0006355	IEA
AEP_00845	GO:0004252	IEA
AEP_00851	GO:0016627	IEA
AEP_00862	GO:0006304	IEA
AEP_00862	GO:0003677	IEA
AEP_00864	GO:0003677	IEA
AEP_00864	GO:0005524	IEA
AEP_00864	GO:0016787	IEA
AEP_00873	GO:0006508	IEA
AEP_00873	GO:0004176	IEA
AEP_00873	GO:0004252	IEA
AEP_00873	GO:0016887	IEA
AEP_00873	GO:0043565	IEA
AEP_00874	GO:0005524	IEA
AEP_00874	GO:0008270	IEA
AEP_00874	GO:0016887	IEA
AEP_00874	GO:0046983	IEA
AEP_00875	GO:0006508	IEA
AEP_00875	GO:0004176	IEA
AEP_00875	GO:0004252	IEA
AEP_00876	GO:0051083	IEA
AEP_00876	GO:0003755	IEA
AEP_00876	GO:0051082	IEA
AEP_00879	GO:0006810	IEA
AEP_00879	GO:0005215	IEA
AEP_00880	GO:0004311	IEA
AEP_00881	GO:0016117	IEA
AEP_00881	GO:0016767	IEA
AEP_00882	GO:0016491	IEA
AEP_00886	GO:0006779	IEA
AEP_00886	GO:0004325	IEA
AEP_00889	GO:0009966	IEA
AEP_00889	GO:0009975	IEA
AEP_00890	GO:0015689	IEA
AEP_00890	GO:0005524	IEA
AEP_00890	GO:0015412	IEA
AEP_00891	GO:0015689	IEA
AEP_00891	GO:0015412	IEA
AEP_00892	GO:0015689	IEA
AEP_00892	GO:0015412	IEA
AEP_00892	GO:0030973	IEA
AEP_00899	GO:0003935	IEA
AEP_00899	GO:0008686	IEA
AEP_00900	GO:0000906	IEA
AEP_00901	GO:0006355	IEA
AEP_00902	GO:0009058	IEA
AEP_00902	GO:0003824	IEA
AEP_00902	GO:0030170	IEA
AEP_00903	GO:1902600	IEA
AEP_00903	GO:0015078	IEA
AEP_00904	GO:0055085	IEA
AEP_00904	GO:0022857	IEA
AEP_00905	GO:0006810	IEA
AEP_00905	GO:0005215	IEA
AEP_00909	GO:0006260	IEA
AEP_00909	GO:0003676	IEA
AEP_00909	GO:0008408	IEA
AEP_00917	GO:0016491	IEA
AEP_00918	GO:0043039	IEA
AEP_00918	GO:0000166	IEA
AEP_00918	GO:0004812	IEA
AEP_00918	GO:0005524	IEA
AEP_00919	GO:0007165	IEA
AEP_00920	GO:0007165	IEA
AEP_00921	GO:0006400	IEA
AEP_00921	GO:0008176	IEA
AEP_00922	GO:0001522	IEA
AEP_00922	GO:0009451	IEA
AEP_00922	GO:0003723	IEA
AEP_00922	GO:0009982	IEA
AEP_00926	GO:0008153	IEA
AEP_00926	GO:0009396	IEA
AEP_00926	GO:0046820	IEA
AEP_00928	GO:0006139	IEA
AEP_00928	GO:0003677	IEA
AEP_00928	GO:0003678	IEA
AEP_00928	GO:0005524	IEA
AEP_00928	GO:0016818	IEA
AEP_00945	GO:0006419	IEA
AEP_00945	GO:0004813	IEA
AEP_00953	GO:0009450	IEA
AEP_00953	GO:0003867	IEA
AEP_00958	GO:0008295	IEA
AEP_00958	GO:0008783	IEA
AEP_00961	GO:0000373	IEA
AEP_00961	GO:0003964	IEA
AEP_00963	GO:0006810	IEA
AEP_00963	GO:0015288	IEA
AEP_00965	GO:0006855	IEA
AEP_00965	GO:0009410	IEA
AEP_00966	GO:0000373	IEA
AEP_00966	GO:0003964	IEA
AEP_00967	GO:0000373	IEA
AEP_00967	GO:0003964	IEA
AEP_00969	GO:0008410	IEA
AEP_00972	GO:0007165	IEA
AEP_00973	GO:0006355	IEA
AEP_00973	GO:0003700	IEA
AEP_00973	GO:0043565	IEA
AEP_00975	GO:0007165	IEA
AEP_00979	GO:0006355	IEA
AEP_00979	GO:0003677	IEA
AEP_00990	GO:0047575	IEA
AEP_00994	GO:0006269	IEA
AEP_00994	GO:0003896	IEA
AEP_00996	GO:0006355	IEA
AEP_00996	GO:0003700	IEA
AEP_00996	GO:0016987	IEA
AEP_00997	GO:0019632	IEA
AEP_00997	GO:0004764	IEA
AEP_01001	GO:0006457	IEA
AEP_01001	GO:0000774	IEA
AEP_01001	GO:0051087	IEA
AEP_01002	GO:0006457	IEA
AEP_01002	GO:0005524	IEA
AEP_01002	GO:0016887	IEA
AEP_01003	GO:0006457	IEA
AEP_01003	GO:0009408	IEA
AEP_01003	GO:0005515	IEA
AEP_01011	GO:0055085	IEA
AEP_01017	GO:0009253	IEA
AEP_01017	GO:0016757	IEA
AEP_01018	GO:0042834	IEA
AEP_01022	GO:0009290	IEA
AEP_01022	GO:0005215	IEA
AEP_01031	GO:0007165	IEA
AEP_01032	GO:0009396	IEA
AEP_01032	GO:0003848	IEA
AEP_01033	GO:0006378	IEA
AEP_01033	GO:0003723	IEA
AEP_01033	GO:0004652	IEA
AEP_01035	GO:0032297	IEA
AEP_01035	GO:0016818	IEA
AEP_01037	GO:0006189	IEA
AEP_01037	GO:0009152	IEA
AEP_01037	GO:0004641	IEA
AEP_01040	GO:0009252	IEA
AEP_01040	GO:0034204	IEA
AEP_01041	GO:0006412	IEA
AEP_01041	GO:0003735	IEA
AEP_01044	GO:0042450	IEA
AEP_01044	GO:0004585	IEA
AEP_01047	GO:0019441	IEA
AEP_01047	GO:0030429	IEA
AEP_01048	GO:0019441	IEA
AEP_01048	GO:0004833	IEA
AEP_01063	GO:0006548	IEA
AEP_01063	GO:0004397	IEA
AEP_01064	GO:0006548	IEA
AEP_01064	GO:0016153	IEA
AEP_01065	GO:0006355	IEA
AEP_01065	GO:0003700	IEA
AEP_01067	GO:0006548	IEA
AEP_01067	GO:0050480	IEA
AEP_01068	GO:0019557	IEA
AEP_01068	GO:0050129	IEA
AEP_01069	GO:0016810	IEA
AEP_01071	GO:0071949	IEA
AEP_01073	GO:0045893	IEA
AEP_01073	GO:0003677	IEA
AEP_01073	GO:0003700	IEA
AEP_01073	GO:0046872	IEA
AEP_01074	GO:0006812	IEA
AEP_01074	GO:0055085	IEA
AEP_01074	GO:0008324	IEA
AEP_01077	GO:0006099	IEA
AEP_01077	GO:0003994	IEA
AEP_01078	GO:0016491	IEA
AEP_01081	GO:0006865	IEA
AEP_01085	GO:0003677	IEA
AEP_01086	GO:0006810	IEA
AEP_01086	GO:0005215	IEA
AEP_01087	GO:0006810	IEA
AEP_01087	GO:0015562	IEA
AEP_01088	GO:0006810	IEA
AEP_01088	GO:0015288	IEA
AEP_01098	GO:0006265	IEA
AEP_01098	GO:0003918	IEA
AEP_01103	GO:0016491	IEA
AEP_01105	GO:0009089	IEA
AEP_01105	GO:0008840	IEA
AEP_01109	GO:0003755	IEA
AEP_01110	GO:0006226	IEA
AEP_01110	GO:0046081	IEA
AEP_01110	GO:0000287	IEA
AEP_01110	GO:0004170	IEA
AEP_01111	GO:0015937	IEA
AEP_01111	GO:0015939	IEA
AEP_01111	GO:0004632	IEA
AEP_01111	GO:0004633	IEA
AEP_01112	GO:0006221	IEA
AEP_01112	GO:0006241	IEA
AEP_01112	GO:0003883	IEA
AEP_01113	GO:0009058	IEA
AEP_01113	GO:0008676	IEA
AEP_01114	GO:0006096	IEA
AEP_01114	GO:0004634	IEA
AEP_01121	GO:0006310	IEA
AEP_01121	GO:0009009	IEA
AEP_01124	GO:0006508	IEA
AEP_01124	GO:0004181	IEA
AEP_01124	GO:0008270	IEA
AEP_01128	GO:0008616	IEA
AEP_01128	GO:0051539	IEA
AEP_01128	GO:0052693	IEA
AEP_01129	GO:0006400	IEA
AEP_01129	GO:0016887	IEA
AEP_01130	GO:0009253	IEA
AEP_01130	GO:0008745	IEA
AEP_01135	GO:0006298	IEA
AEP_01135	GO:0005524	IEA
AEP_01135	GO:0016887	IEA
AEP_01135	GO:0030983	IEA
AEP_01140	GO:0006855	IEA
AEP_01140	GO:0009410	IEA
AEP_01140	GO:0042910	IEA
AEP_01141	GO:0006400	IEA
AEP_01141	GO:0052381	IEA
AEP_01147	GO:0015888	IEA
AEP_01147	GO:0030974	IEA
AEP_01147	GO:0030975	IEA
AEP_01147	GO:0030976	IEA
AEP_01147	GO:0048502	IEA
AEP_01151	GO:0016491	IEA
AEP_01154	GO:0015740	IEA
AEP_01154	GO:0015556	IEA
AEP_01161	GO:0006508	IEA
AEP_01161	GO:0004222	IEA
AEP_01164	GO:0055085	IEA
AEP_01164	GO:0005524	IEA
AEP_01164	GO:0042626	IEA
AEP_01171	GO:0042773	IEA
AEP_01171	GO:0008137	IEA
AEP_01172	GO:0042773	IEA
AEP_01172	GO:0008137	IEA
AEP_01173	GO:0042773	IEA
AEP_01173	GO:0008137	IEA
AEP_01175	GO:0008137	IEA
AEP_01176	GO:0016651	IEA
AEP_01176	GO:0051539	IEA
AEP_01178	GO:0006120	IEA
AEP_01178	GO:0050136	IEA
AEP_01179	GO:0050136	IEA
AEP_01180	GO:0016491	IEA
AEP_01181	GO:0016651	IEA
AEP_01181	GO:0048038	IEA
AEP_01181	GO:0051287	IEA
AEP_01182	GO:0008137	IEA
AEP_01186	GO:0043952	IEA
AEP_01186	GO:0015450	IEA
AEP_01187	GO:0006096	IEA
AEP_01187	GO:0004807	IEA
AEP_01189	GO:0006402	IEA
AEP_01189	GO:0004654	IEA
AEP_01190	GO:0006412	IEA
AEP_01190	GO:0003735	IEA
AEP_01192	GO:0006400	IEA
AEP_01194	GO:0003723	IEA
AEP_01199	GO:0015706	IEA
AEP_01199	GO:0015414	IEA
AEP_01201	GO:0042128	IEA
AEP_01201	GO:0008942	IEA
AEP_01201	GO:0016491	IEA
AEP_01201	GO:0050660	IEA
AEP_01201	GO:0050661	IEA
AEP_01203	GO:0008942	IEA
AEP_01203	GO:0051537	IEA
AEP_01204	GO:0016491	IEA
AEP_01206	GO:0019354	IEA
AEP_01206	GO:0004851	IEA
AEP_01209	GO:0006412	IEA
AEP_01209	GO:0003735	IEA
AEP_01212	GO:0006508	IEA
AEP_01212	GO:0008237	IEA
AEP_01214	GO:0006777	IEA
AEP_01215	GO:0006535	IEA
AEP_01215	GO:0009001	IEA
AEP_01220	GO:0006298	IEA
AEP_01220	GO:0005524	IEA
AEP_01220	GO:0030983	IEA
AEP_01225	GO:0016311	IEA
AEP_01225	GO:0050380	IEA
AEP_01228	GO:0006810	IEA
AEP_01228	GO:0005215	IEA
AEP_01231	GO:0000160	IEA
AEP_01231	GO:0000155	IEA
AEP_01237	GO:0006541	IEA
AEP_01237	GO:0004359	IEA
AEP_01240	GO:0006425	IEA
AEP_01240	GO:0000166	IEA
AEP_01240	GO:0004819	IEA
AEP_01240	GO:0005524	IEA
AEP_01247	GO:0016779	IEA
AEP_01250	GO:0004849	IEA
AEP_01258	GO:0006662	IEA
AEP_01258	GO:0015035	IEA
AEP_01272	GO:0042254	IEA
AEP_01272	GO:0003924	IEA
AEP_01272	GO:0005525	IEA
AEP_01274	GO:0006750	IEA
AEP_01274	GO:0004357	IEA
AEP_01279	GO:0008033	IEA
AEP_01279	GO:0017150	IEA
AEP_01279	GO:0050660	IEA
AEP_01283	GO:0006805	IEA
AEP_01283	GO:0009398	IEA
AEP_01283	GO:0016668	IEA
AEP_01284	GO:0006979	IEA
AEP_01284	GO:0102039	IEA
AEP_01293	GO:0042953	IEA
AEP_01293	GO:0005524	IEA
AEP_01294	GO:0042953	IEA
AEP_01296	GO:0006310	IEA
AEP_01296	GO:0008297	IEA
AEP_01297	GO:0016787	IEA
AEP_01300	GO:0006793	IEA
AEP_01300	GO:0008976	IEA
AEP_01312	GO:0009086	IEA
AEP_01312	GO:0003871	IEA
AEP_01312	GO:0008270	IEA
AEP_01314	GO:0015837	IEA
AEP_01322	GO:0045900	IEA
AEP_01322	GO:0005524	IEA
AEP_01324	GO:0003676	IEA
AEP_01324	GO:0005524	IEA
AEP_01327	GO:0005975	IEA
AEP_01327	GO:0051596	IEA
AEP_01327	GO:0004462	IEA
AEP_01333	GO:0009084	IEA
AEP_01333	GO:0009255	IEA
AEP_01333	GO:0008675	IEA
AEP_01333	GO:0008700	IEA
AEP_01334	GO:0009255	IEA
AEP_01334	GO:0004456	IEA
AEP_01337	GO:0008615	IEA
AEP_01337	GO:0004733	IEA
AEP_01337	GO:0010181	IEA
AEP_01344	GO:0005524	IEA
AEP_01352	GO:0006979	IEA
AEP_01352	GO:0030091	IEA
AEP_01352	GO:0008113	IEA
AEP_01352	GO:0033744	IEA
AEP_01354	GO:0006810	IEA
AEP_01354	GO:0005215	IEA
AEP_01358	GO:0006810	IEA
AEP_01358	GO:0015288	IEA
AEP_01361	GO:0015716	IEA
AEP_01361	GO:0003700	IEA
AEP_01362	GO:0015716	IEA
AEP_01362	GO:0019634	IEA
AEP_01363	GO:0019634	IEA
AEP_01367	GO:0019634	IEA
AEP_01367	GO:0018835	IEA
AEP_01368	GO:0019634	IEA
AEP_01368	GO:0018835	IEA
AEP_01369	GO:0019700	IEA
AEP_01369	GO:0016810	IEA
AEP_01370	GO:0015716	IEA
AEP_01370	GO:0005524	IEA
AEP_01370	GO:0015416	IEA
AEP_01371	GO:0015716	IEA
AEP_01372	GO:0015716	IEA
AEP_01372	GO:0015416	IEA
AEP_01375	GO:0009244	IEA
AEP_01375	GO:0008920	IEA
AEP_01377	GO:0006355	IEA
AEP_01377	GO:0003700	IEA
AEP_01377	GO:0043565	IEA
AEP_01384	GO:0006424	IEA
AEP_01384	GO:0004818	IEA
AEP_01385	GO:0019346	IEA
AEP_01385	GO:0071268	IEA
AEP_01385	GO:0003824	IEA
AEP_01385	GO:0030170	IEA
AEP_01386	GO:0009152	IEA
AEP_01386	GO:0004044	IEA
AEP_01388	GO:0042834	IEA
AEP_01389	GO:0009396	IEA
AEP_01389	GO:0004326	IEA
AEP_01389	GO:0005524	IEA
AEP_01389	GO:0016874	IEA
AEP_01392	GO:0006526	IEA
AEP_01392	GO:0004055	IEA
AEP_01392	GO:0005524	IEA
AEP_01392	GO:0042803	IEA
AEP_01396	GO:0008762	IEA
AEP_01396	GO:0071949	IEA
AEP_01398	GO:0008150	IEA
AEP_01398	GO:0004190	IEA
AEP_01400	GO:0006654	IEA
AEP_01400	GO:0008374	IEA
AEP_01409	GO:0006415	IEA
AEP_01409	GO:0003747	IEA
AEP_01411	GO:0006508	IEA
AEP_01411	GO:0004177	IEA
AEP_01411	GO:0008237	IEA
AEP_01412	GO:0005975	IEA
AEP_01412	GO:0042132	IEA
AEP_01423	GO:0000160	IEA
AEP_01425	GO:0000160	IEA
AEP_01427	GO:0007165	IEA
AEP_01428	GO:0000160	IEA
AEP_01430	GO:0006935	IEA
AEP_01430	GO:0007165	IEA
AEP_01431	GO:0000160	IEA
AEP_01434	GO:0000160	IEA
AEP_01434	GO:0006935	IEA
AEP_01434	GO:0000156	IEA
AEP_01434	GO:0008984	IEA
AEP_01435	GO:0006935	IEA
AEP_01435	GO:0007165	IEA
AEP_01436	GO:0007165	IEA
AEP_01440	GO:0008803	IEA
AEP_01446	GO:0006147	IEA
AEP_01446	GO:0008892	IEA
AEP_01448	GO:0006400	IEA
AEP_01448	GO:0051539	IEA
AEP_01448	GO:1904047	IEA
AEP_01449	GO:0006146	IEA
AEP_01449	GO:0000034	IEA
AEP_01456	GO:0009115	IEA
AEP_01456	GO:0004854	IEA
AEP_01457	GO:0009115	IEA
AEP_01457	GO:0004854	IEA
AEP_01457	GO:0043546	IEA
AEP_01460	GO:0016810	IEA
AEP_01461	GO:0019394	IEA
AEP_01461	GO:0000287	IEA
AEP_01461	GO:0008872	IEA
AEP_01469	GO:0046392	IEA
AEP_01469	GO:0008867	IEA
AEP_01470	GO:0019394	IEA
AEP_01470	GO:0008672	IEA
AEP_01471	GO:0019580	IEA
AEP_01471	GO:0008679	IEA
AEP_01476	GO:0009115	IEA
AEP_01476	GO:0065003	IEA
AEP_01476	GO:0043546	IEA
AEP_01478	GO:0019628	IEA
AEP_01480	GO:0000256	IEA
AEP_01480	GO:0016810	IEA
AEP_01481	GO:0019628	IEA
AEP_01482	GO:0016787	IEA
AEP_01488	GO:0006807	IEA
AEP_01488	GO:0016151	IEA
AEP_01489	GO:0000160	IEA
AEP_01490	GO:0015840	IEA
AEP_01490	GO:0005524	IEA
AEP_01490	GO:0033221	IEA
AEP_01491	GO:0015840	IEA
AEP_01491	GO:0005524	IEA
AEP_01491	GO:0033221	IEA
AEP_01492	GO:0015840	IEA
AEP_01492	GO:0033221	IEA
AEP_01493	GO:0015840	IEA
AEP_01493	GO:0033221	IEA
AEP_01494	GO:0015840	IEA
AEP_01494	GO:0033219	IEA
AEP_01494	GO:0033221	IEA
AEP_01501	GO:0005524	IEA
AEP_01508	GO:0019627	IEA
AEP_01508	GO:0009039	IEA
AEP_01510	GO:0043419	IEA
AEP_01511	GO:0019627	IEA
AEP_01511	GO:0009039	IEA
AEP_01511	GO:0016151	IEA
AEP_01513	GO:0019627	IEA
AEP_01513	GO:0016151	IEA
AEP_01515	GO:0019627	IEA
AEP_01515	GO:0016530	IEA
AEP_01515	GO:0046872	IEA
AEP_01519	GO:0006779	IEA
AEP_01519	GO:0051989	IEA
AEP_01520	GO:0006281	IEA
AEP_01520	GO:0016462	IEA
AEP_01521	GO:0008033	IEA
AEP_01521	GO:0004549	IEA
AEP_01525	GO:0015949	IEA
AEP_01525	GO:0004385	IEA
AEP_01526	GO:0006351	IEA
AEP_01526	GO:0003899	IEA
AEP_01528	GO:0032784	IEA
AEP_01528	GO:0003677	IEA
AEP_01528	GO:0070063	IEA
AEP_01532	GO:0003824	IEA
AEP_01533	GO:0016627	IEA
AEP_01539	GO:0042834	IEA
AEP_01551	GO:0009408	IEA
AEP_01552	GO:0019674	IEA
AEP_01552	GO:0003951	IEA
AEP_01553	GO:0006281	IEA
AEP_01553	GO:0006310	IEA
AEP_01553	GO:0005524	IEA
AEP_01554	GO:0005524	IEA
AEP_01555	GO:0006260	IEA
AEP_01555	GO:0006281	IEA
AEP_01555	GO:0006310	IEA
AEP_01555	GO:0004844	IEA
AEP_01557	GO:0006281	IEA
AEP_01557	GO:0006284	IEA
AEP_01557	GO:0003676	IEA
AEP_01557	GO:0003684	IEA
AEP_01557	GO:0003906	IEA
AEP_01557	GO:0008270	IEA
AEP_01557	GO:0008534	IEA
AEP_01557	GO:0016799	IEA
AEP_01557	GO:0019104	IEA
AEP_01560	GO:0016114	IEA
AEP_01560	GO:0050515	IEA
AEP_01563	GO:0006412	IEA
AEP_01563	GO:0003735	IEA
AEP_01563	GO:0008097	IEA
AEP_01564	GO:0006412	IEA
AEP_01564	GO:0004045	IEA
AEP_01567	GO:0015937	IEA
AEP_01567	GO:0004595	IEA
AEP_01568	GO:0031167	IEA
AEP_01568	GO:0052913	IEA
AEP_01576	GO:0009306	IEA
AEP_01576	GO:0003924	IEA
AEP_01576	GO:0005047	IEA
AEP_01585	GO:0016787	IEA
AEP_01590	GO:0006979	IEA
AEP_01590	GO:0004096	IEA
AEP_01590	GO:0004601	IEA
AEP_01592	GO:0006310	IEA
AEP_01592	GO:0015074	IEA
AEP_01592	GO:0003677	IEA
AEP_01600	GO:0043571	IEA
AEP_01600	GO:0004520	IEA
AEP_01601	GO:0043571	IEA
AEP_01601	GO:0004386	IEA
AEP_01602	GO:0043571	IEA
AEP_01602	GO:0003674	IEA
AEP_01603	GO:0043571	IEA
AEP_01603	GO:0003674	IEA
AEP_01604	GO:0043571	IEA
AEP_01604	GO:0003674	IEA
AEP_01605	GO:0043571	IEA
AEP_01605	GO:0004521	IEA
AEP_01614	GO:0004803	IEA
AEP_01618	GO:0004803	IEA
AEP_01623	GO:0004803	IEA
AEP_01624	GO:0006313	IEA
AEP_01624	GO:0003677	IEA
AEP_01624	GO:0004803	IEA
AEP_01637	GO:0004803	IEA
AEP_01656	GO:0007165	IEA
AEP_01662	GO:0006790	IEA
AEP_01662	GO:0004020	IEA
AEP_01669	GO:0005524	IEA
AEP_01679	GO:0016787	IEA
AEP_01686	GO:0004803	IEA
AEP_01699	GO:0030253	IEA
AEP_01700	GO:0030253	IEA
AEP_01712	GO:0009103	IEA
AEP_01712	GO:0008761	IEA
AEP_01727	GO:0004803	IEA
AEP_01746	GO:0051537	IEA
AEP_01747	GO:0005524	IEA
AEP_01748	GO:0016209	IEA
AEP_01748	GO:0016491	IEA
AEP_01749	GO:0008654	IEA
AEP_01749	GO:0016780	IEA
AEP_01750	GO:0016491	IEA
AEP_01751	GO:0001887	IEA
AEP_01751	GO:0004756	IEA
AEP_01753	GO:0016491	IEA
AEP_01758	GO:0006457	IEA
AEP_01758	GO:0005515	IEA
AEP_01758	GO:0016887	IEA
AEP_01762	GO:0006094	IEA
AEP_01762	GO:0006096	IEA
AEP_01762	GO:0004347	IEA
AEP_01763	GO:0006098	IEA
AEP_01763	GO:0004801	IEA
AEP_01764	GO:0006098	IEA
AEP_01764	GO:0004345	IEA
AEP_01765	GO:1901135	IEA
AEP_01765	GO:0097367	IEA
AEP_01766	GO:0015288	IEA
AEP_01768	GO:0006744	IEA
AEP_01768	GO:0004497	IEA
AEP_01769	GO:0045490	IEA
AEP_01769	GO:0030570	IEA
AEP_01771	GO:0009097	IEA
AEP_01771	GO:0004794	IEA
AEP_01776	GO:0015628	IEA
AEP_01778	GO:0009306	IEA
AEP_01779	GO:0015628	IEA
AEP_01782	GO:0015628	IEA
AEP_01788	GO:0015628	IEA
AEP_01793	GO:0008616	IEA
AEP_01795	GO:0007165	IEA
AEP_01797	GO:0008272	IEA
AEP_01797	GO:0015116	IEA
AEP_01798	GO:0006777	IEA
AEP_01798	GO:0003824	IEA
AEP_01798	GO:0005525	IEA
AEP_01799	GO:0006040	IEA
AEP_01799	GO:0009252	IEA
AEP_01799	GO:0004360	IEA
AEP_01804	GO:0009103	IEA
AEP_01804	GO:0009252	IEA
AEP_01804	GO:0003977	IEA
AEP_01804	GO:0019134	IEA
AEP_01807	GO:0006730	IEA
AEP_01807	GO:0030272	IEA
AEP_01812	GO:0001680	IEA
AEP_01812	GO:0003723	IEA
AEP_01812	GO:0004810	IEA
AEP_01812	GO:0005524	IEA
AEP_01813	GO:0000160	IEA
AEP_01830	GO:0008033	IEA
AEP_01835	GO:0006281	IEA
AEP_01835	GO:0006310	IEA
AEP_01835	GO:0003677	IEA
AEP_01835	GO:0005524	IEA
AEP_01835	GO:0009378	IEA
AEP_01838	GO:0006310	IEA
AEP_01838	GO:0009378	IEA
AEP_01840	GO:0042254	IEA
AEP_01840	GO:0004540	IEA
AEP_01840	GO:0046872	IEA
AEP_01842	GO:0008152	IEA
AEP_01842	GO:0004045	IEA
AEP_01844	GO:0000160	IEA
AEP_01847	GO:0006437	IEA
AEP_01847	GO:0004831	IEA
AEP_01849	GO:0006040	IEA
AEP_01849	GO:0009254	IEA
AEP_01849	GO:0005524	IEA
AEP_01849	GO:0016773	IEA
AEP_01850	GO:0016226	IEA
AEP_01850	GO:0051536	IEA
AEP_01853	GO:0006412	IEA
AEP_01853	GO:0003735	IEA
AEP_01854	GO:0006412	IEA
AEP_01854	GO:0003735	IEA
AEP_01855	GO:0006468	IEA
AEP_01855	GO:0004672	IEA
AEP_01856	GO:0070475	IEA
AEP_01856	GO:0008649	IEA
AEP_01857	GO:0009086	IEA
AEP_01857	GO:0004489	IEA
AEP_01859	GO:0006730	IEA
AEP_01859	GO:0004013	IEA
AEP_01861	GO:0006415	IEA
AEP_01861	GO:0003924	IEA
AEP_01862	GO:0008152	IEA
AEP_01862	GO:0016787	IEA
AEP_01863	GO:0055085	IEA
AEP_01863	GO:0022857	IEA
AEP_01867	GO:0009252	IEA
AEP_01867	GO:0008760	IEA
AEP_01870	GO:0018817	IEA
AEP_01871	GO:0018802	IEA
AEP_01873	GO:0016491	IEA
AEP_01875	GO:0003824	IEA
AEP_01885	GO:0005524	IEA
AEP_01889	GO:0006355	IEA
AEP_01889	GO:0005524	IEA
AEP_01889	GO:0008134	IEA
AEP_01890	GO:0006289	IEA
AEP_01890	GO:0009381	IEA
AEP_01914	GO:0016627	IEA
AEP_01915	GO:0016491	IEA
AEP_01916	GO:0006631	IEA
AEP_01916	GO:0003985	IEA
AEP_01917	GO:0006508	IEA
AEP_01917	GO:0006950	IEA
AEP_01917	GO:0004252	IEA
AEP_01917	GO:0005515	IEA
AEP_01918	GO:0009228	IEA
AEP_01918	GO:0004789	IEA
AEP_01920	GO:0009228	IEA
AEP_01920	GO:0003824	IEA
AEP_01921	GO:0016491	IEA
AEP_01922	GO:0009228	IEA
AEP_01922	GO:0051536	IEA
AEP_01924	GO:0006006	IEA
AEP_01924	GO:0008772	IEA
AEP_01924	GO:0016791	IEA
AEP_01925	GO:0015976	IEA
AEP_01925	GO:0004089	IEA
AEP_01925	GO:0008270	IEA
AEP_01929	GO:0055085	IEA
AEP_01929	GO:0022857	IEA
AEP_01932	GO:0005975	IEA
AEP_01932	GO:0016791	IEA
AEP_01933	GO:0006426	IEA
AEP_01933	GO:0004820	IEA
AEP_01934	GO:0006426	IEA
AEP_01934	GO:0004820	IEA
AEP_01935	GO:0006497	IEA
AEP_01935	GO:0042158	IEA
AEP_01935	GO:0016410	IEA
AEP_01939	GO:0000373	IEA
AEP_01939	GO:0003964	IEA
AEP_01951	GO:0006935	IEA
AEP_01951	GO:0050568	IEA
AEP_01952	GO:0008168	IEA
AEP_01953	GO:0006935	IEA
AEP_01953	GO:0007165	IEA
AEP_01954	GO:0006935	IEA
AEP_01954	GO:0007165	IEA
AEP_01957	GO:0000160	IEA
AEP_01959	GO:0006605	IEA
AEP_01959	GO:0044780	IEA
AEP_01960	GO:0001539	IEA
AEP_01961	GO:0001539	IEA
AEP_01962	GO:0001539	IEA
AEP_01962	GO:0003774	IEA
AEP_01963	GO:0001539	IEA
AEP_01964	GO:0006935	IEA
AEP_01964	GO:0071973	IEA
AEP_01966	GO:0006935	IEA
AEP_01966	GO:0071973	IEA
AEP_01966	GO:0003774	IEA
AEP_01967	GO:0001539	IEA
AEP_01967	GO:0016887	IEA
AEP_01969	GO:0001539	IEA
AEP_01969	GO:0006935	IEA
AEP_01969	GO:0005198	IEA
AEP_01970	GO:0001539	IEA
AEP_01970	GO:0005198	IEA
AEP_01971	GO:0001539	IEA
AEP_01971	GO:0005198	IEA
AEP_01974	GO:0016740	IEA
AEP_01977	GO:0006810	IEA
AEP_01977	GO:0015288	IEA
AEP_01978	GO:0030253	IEA
AEP_01979	GO:0030253	IEA
AEP_01981	GO:0001539	IEA
AEP_01982	GO:0007155	IEA
AEP_01983	GO:0071973	IEA
AEP_01983	GO:0005198	IEA
AEP_01984	GO:0071973	IEA
AEP_01984	GO:0005198	IEA
AEP_01985	GO:0045893	IEA
AEP_01985	GO:1902208	IEA
AEP_01985	GO:0003677	IEA
AEP_01986	GO:0045893	IEA
AEP_01986	GO:1902208	IEA
AEP_01986	GO:0003677	IEA
AEP_01989	GO:0000160	IEA
AEP_01992	GO:0001539	IEA
AEP_01993	GO:0006614	IEA
AEP_01993	GO:0044781	IEA
AEP_01993	GO:0003924	IEA
AEP_01993	GO:0005525	IEA
AEP_01997	GO:0045892	IEA
AEP_01998	GO:0001539	IEA
AEP_01998	GO:0005198	IEA
AEP_01999	GO:0001539	IEA
AEP_01999	GO:0005198	IEA
AEP_02000	GO:0001539	IEA
AEP_02000	GO:0005198	IEA
AEP_02004	GO:0071973	IEA
AEP_02007	GO:0001539	IEA
AEP_02007	GO:0016798	IEA
AEP_02008	GO:0001539	IEA
AEP_02008	GO:0005198	IEA
AEP_02009	GO:0001539	IEA
AEP_02009	GO:0005198	IEA
AEP_02012	GO:0007165	IEA
AEP_02013	GO:0007165	IEA
AEP_02037	GO:0006779	IEA
AEP_02037	GO:0004853	IEA
AEP_02038	GO:0006260	IEA
AEP_02038	GO:0003678	IEA
AEP_02038	GO:0003688	IEA
AEP_02038	GO:0016818	IEA
AEP_02041	GO:0005524	IEA
AEP_02045	GO:0000160	IEA
AEP_02048	GO:0001510	IEA
AEP_02048	GO:0006355	IEA
AEP_02048	GO:0006364	IEA
AEP_02048	GO:0003723	IEA
AEP_02048	GO:0008649	IEA
AEP_02050	GO:0006351	IEA
AEP_02050	GO:0003899	IEA
AEP_02051	GO:0006351	IEA
AEP_02051	GO:0003899	IEA
AEP_02052	GO:0006412	IEA
AEP_02052	GO:0003735	IEA
AEP_02053	GO:0006412	IEA
AEP_02053	GO:0003735	IEA
AEP_02054	GO:0006412	IEA
AEP_02054	GO:0003735	IEA
AEP_02055	GO:0006412	IEA
AEP_02055	GO:0003735	IEA
AEP_02056	GO:0006353	IEA
AEP_02059	GO:0006414	IEA
AEP_02059	GO:0003746	IEA
AEP_02063	GO:0006281	IEA
AEP_02063	GO:0006284	IEA
AEP_02063	GO:0004844	IEA
AEP_02064	GO:0006568	IEA
AEP_02064	GO:0004425	IEA
AEP_02065	GO:0000162	IEA
AEP_02065	GO:0004048	IEA
AEP_02067	GO:0006520	IEA
AEP_02067	GO:0016829	IEA
AEP_02072	GO:0007165	IEA
AEP_02073	GO:0007165	IEA
AEP_02074	GO:0005975	IEA
AEP_02074	GO:0008967	IEA
AEP_02077	GO:0006098	IEA
AEP_02077	GO:0004750	IEA
AEP_02080	GO:0009228	IEA
AEP_02080	GO:0009030	IEA
AEP_02087	GO:0006810	IEA
AEP_02087	GO:0005215	IEA
AEP_02088	GO:0006810	IEA
AEP_02088	GO:0015288	IEA
AEP_02113	GO:0004521	IEA
AEP_02113	GO:0005515	IEA
AEP_02114	GO:0003723	IEA
AEP_02116	GO:0006352	IEA
AEP_02116	GO:0001216	IEA
AEP_02116	GO:0003677	IEA
AEP_02116	GO:0016987	IEA
AEP_02117	GO:0015920	IEA
AEP_02117	GO:0015221	IEA
AEP_02117	GO:0042626	IEA
AEP_02118	GO:0015920	IEA
AEP_02118	GO:0001530	IEA
AEP_02122	GO:0006420	IEA
AEP_02122	GO:0004814	IEA
AEP_02125	GO:0006744	IEA
AEP_02125	GO:0008412	IEA
AEP_02130	GO:0006281	IEA
AEP_02130	GO:0006310	IEA
AEP_02130	GO:0003678	IEA
AEP_02133	GO:0016740	IEA
AEP_02133	GO:0016853	IEA
AEP_02134	GO:0006400	IEA
AEP_02134	GO:0008479	IEA
AEP_02136	GO:0007165	IEA
AEP_02146	GO:0046292	IEA
AEP_02146	GO:0018738	IEA
AEP_02151	GO:0009152	IEA
AEP_02151	GO:0008864	IEA
AEP_02152	GO:0007165	IEA
AEP_02153	GO:0008654	IEA
AEP_02153	GO:0004609	IEA
AEP_02161	GO:0016491	IEA
AEP_02161	GO:0050660	IEA
AEP_02167	GO:0019547	IEA
AEP_02167	GO:0004053	IEA
AEP_02169	GO:0009152	IEA
AEP_02169	GO:0000287	IEA
AEP_02169	GO:0004644	IEA
AEP_02169	GO:0005524	IEA
AEP_02177	GO:0006562	IEA
AEP_02177	GO:0003842	IEA
AEP_02178	GO:0007165	IEA
AEP_02181	GO:0030170	IEA
AEP_02183	GO:0043107	IEA
AEP_02183	GO:0005524	IEA
AEP_02186	GO:1901135	IEA
AEP_02186	GO:0008968	IEA
AEP_02186	GO:0097367	IEA
AEP_02187	GO:0003676	IEA
AEP_02187	GO:0004518	IEA
AEP_02188	GO:0000451	IEA
AEP_02188	GO:0008649	IEA
AEP_02188	GO:0008757	IEA
AEP_02199	GO:0005524	IEA
AEP_02203	GO:0000160	IEA
AEP_02205	GO:0006355	IEA
AEP_02205	GO:0003677	IEA
AEP_02206	GO:0018874	IEA
AEP_02206	GO:0018659	IEA
AEP_02210	GO:0009055	IEA
AEP_02210	GO:0020037	IEA
AEP_02217	GO:0015986	IEA
AEP_02217	GO:0046933	IEA
AEP_02218	GO:0015986	IEA
AEP_02218	GO:0046933	IEA
AEP_02219	GO:0015986	IEA
AEP_02219	GO:0046933	IEA
AEP_02220	GO:0015986	IEA
AEP_02220	GO:0046933	IEA
AEP_02221	GO:0015986	IEA
AEP_02221	GO:0046933	IEA
AEP_02222	GO:0015986	IEA
AEP_02222	GO:0015078	IEA
AEP_02223	GO:0015986	IEA
AEP_02223	GO:0015078	IEA
AEP_02224	GO:0015986	IEA
AEP_02224	GO:0015078	IEA
AEP_02227	GO:0009107	IEA
AEP_02227	GO:0016979	IEA
AEP_02228	GO:0009107	IEA
AEP_02228	GO:0016992	IEA
AEP_02228	GO:0051539	IEA
AEP_02228	GO:1904047	IEA
AEP_02230	GO:0003677	IEA
AEP_02234	GO:0005524	IEA
AEP_02237	GO:0004803	IEA
AEP_02240	GO:0004803	IEA
AEP_02258	GO:0006629	IEA
AEP_02263	GO:0015074	IEA
AEP_02266	GO:0047834	IEA
AEP_02268	GO:0006808	IEA
AEP_02268	GO:0009401	IEA
AEP_02268	GO:0008965	IEA
AEP_02277	GO:0006412	IEA
AEP_02277	GO:0003735	IEA
AEP_02278	GO:0006412	IEA
AEP_02278	GO:0003735	IEA
AEP_02279	GO:0006412	IEA
AEP_02279	GO:0003735	IEA
AEP_02280	GO:0006412	IEA
AEP_02280	GO:0003735	IEA
AEP_02281	GO:0006412	IEA
AEP_02281	GO:0003735	IEA
AEP_02282	GO:0006412	IEA
AEP_02282	GO:0003735	IEA
AEP_02283	GO:0006412	IEA
AEP_02283	GO:0003735	IEA
AEP_02284	GO:0006412	IEA
AEP_02284	GO:0003735	IEA
AEP_02285	GO:0006412	IEA
AEP_02285	GO:0003735	IEA
AEP_02286	GO:0006412	IEA
AEP_02286	GO:0003735	IEA
AEP_02287	GO:0006412	IEA
AEP_02287	GO:0003723	IEA
AEP_02287	GO:0003735	IEA
AEP_02288	GO:0006414	IEA
AEP_02288	GO:0003746	IEA
AEP_02289	GO:0006414	IEA
AEP_02289	GO:0003746	IEA
AEP_02290	GO:0006412	IEA
AEP_02290	GO:0003735	IEA
AEP_02291	GO:0006412	IEA
AEP_02291	GO:0003735	IEA
AEP_02297	GO:0000373	IEA
AEP_02297	GO:0003964	IEA
AEP_02298	GO:0033014	IEA
AEP_02298	GO:0003824	IEA
AEP_02298	GO:0004655	IEA
AEP_02298	GO:0046872	IEA
AEP_02308	GO:0005524	IEA
AEP_02312	GO:0016614	IEA
AEP_02312	GO:0050660	IEA
AEP_02314	GO:0009252	IEA
AEP_02314	GO:0003824	IEA
AEP_02315	GO:0008360	IEA
AEP_02315	GO:0003674	IEA
AEP_02316	GO:0008360	IEA
AEP_02318	GO:0006424	IEA
AEP_02318	GO:0050567	IEA
AEP_02319	GO:0006424	IEA
AEP_02319	GO:0050567	IEA
AEP_02320	GO:0016884	IEA
AEP_02322	GO:0009220	IEA
AEP_02322	GO:0004588	IEA
AEP_02330	GO:0005524	IEA
AEP_02333	GO:0005524	IEA
AEP_02333	GO:0016301	IEA
AEP_02334	GO:0009244	IEA
AEP_02334	GO:0008920	IEA
AEP_02336	GO:0009081	IEA
AEP_02336	GO:0004084	IEA
AEP_02340	GO:0009055	IEA
AEP_02344	GO:0006281	IEA
AEP_02344	GO:0005524	IEA
AEP_02347	GO:0009252	IEA
AEP_02347	GO:0008784	IEA
AEP_02348	GO:0055085	IEA
AEP_02348	GO:0022857	IEA
AEP_02351	GO:0051536	IEA
AEP_02352	GO:0016491	IEA
AEP_02352	GO:0071949	IEA
AEP_02355	GO:0072488	IEA
AEP_02355	GO:0008519	IEA
AEP_02356	GO:0006808	IEA
AEP_02356	GO:0030234	IEA
AEP_02357	GO:0005524	IEA
AEP_02360	GO:0009297	IEA
AEP_02377	GO:0009086	IEA
AEP_02377	GO:0008270	IEA
AEP_02377	GO:0008705	IEA
AEP_02381	GO:0006310	IEA
AEP_02381	GO:0003678	IEA
AEP_02383	GO:0005524	IEA
AEP_02383	GO:0016887	IEA
AEP_02386	GO:0006094	IEA
AEP_02386	GO:0004611	IEA
AEP_02386	GO:0005525	IEA
AEP_02386	GO:0017076	IEA
AEP_02389	GO:0016787	IEA
AEP_02390	GO:0006281	IEA
AEP_02390	GO:0006310	IEA
AEP_02390	GO:0003910	IEA
AEP_02390	GO:0005524	IEA
AEP_02394	GO:0055085	IEA
AEP_02394	GO:0022857	IEA
AEP_02401	GO:0019478	IEA
AEP_02401	GO:0008718	IEA
AEP_02409	GO:0005524	IEA
AEP_02410	GO:0000160	IEA
AEP_02413	GO:0030245	IEA
AEP_02413	GO:0008422	IEA
AEP_02416	GO:0016491	IEA
AEP_02421	GO:0006210	IEA
AEP_02421	GO:0006212	IEA
AEP_02421	GO:0017113	IEA
AEP_02422	GO:0008152	IEA
AEP_02422	GO:0004157	IEA
AEP_02427	GO:0006749	IEA
AEP_02427	GO:0005515	IEA
AEP_02428	GO:0043101	IEA
AEP_02428	GO:0004000	IEA
AEP_02431	GO:0000160	IEA
AEP_02438	GO:0055085	IEA
AEP_02438	GO:0022857	IEA
AEP_02439	GO:0006810	IEA
AEP_02439	GO:0005215	IEA
AEP_02467	GO:0006355	IEA
AEP_02467	GO:0003700	IEA
AEP_02470	GO:0016787	IEA
AEP_02472	GO:0006355	IEA
AEP_02472	GO:0003700	IEA
AEP_02476	GO:0008272	IEA
AEP_02476	GO:0015419	IEA
AEP_02477	GO:0008272	IEA
AEP_02477	GO:0015419	IEA
AEP_02487	GO:0000160	IEA
AEP_02495	GO:0016790	IEA
AEP_02499	GO:0009236	IEA
AEP_02499	GO:0008817	IEA
AEP_02500	GO:0016491	IEA
AEP_02500	GO:0050660	IEA
AEP_02508	GO:0000910	IEA
AEP_02508	GO:0007059	IEA
AEP_02508	GO:0003677	IEA
AEP_02512	GO:0031167	IEA
AEP_02512	GO:0046118	IEA
AEP_02512	GO:0008168	IEA
AEP_02513	GO:0002098	IEA
AEP_02513	GO:0008033	IEA
AEP_02513	GO:0050660	IEA
AEP_02516	GO:0016614	IEA
AEP_02516	GO:0050660	IEA
AEP_02517	GO:0006749	IEA
AEP_02517	GO:0005515	IEA
AEP_02521	GO:0007165	IEA
AEP_02526	GO:0006355	IEA
AEP_02526	GO:0006878	IEA
AEP_02526	GO:0003700	IEA
AEP_02527	GO:0000160	IEA
AEP_02527	GO:0006355	IEA
AEP_02527	GO:0003677	IEA
AEP_02528	GO:0007165	IEA
AEP_02528	GO:0016310	IEA
AEP_02528	GO:0000155	IEA
AEP_02550	GO:0000918	IEA
AEP_02550	GO:0004857	IEA
AEP_02551	GO:0000918	IEA
AEP_02551	GO:0016887	IEA
AEP_02557	GO:0006413	IEA
AEP_02557	GO:0003743	IEA
AEP_02558	GO:0007165	IEA
AEP_02562	GO:0005524	IEA
AEP_02568	GO:0005524	IEA
AEP_02569	GO:0000373	IEA
AEP_02569	GO:0003964	IEA
AEP_02570	GO:0000373	IEA
AEP_02570	GO:0003964	IEA
AEP_02574	GO:0006352	IEA
AEP_02574	GO:0003677	IEA
AEP_02574	GO:0003899	IEA
AEP_02574	GO:0016987	IEA
AEP_02575	GO:0009636	IEA
AEP_02575	GO:0008824	IEA
AEP_02576	GO:0009423	IEA
AEP_02576	GO:0003849	IEA
AEP_02580	GO:0006285	IEA
AEP_02580	GO:0033958	IEA
AEP_02584	GO:0005524	IEA
AEP_02584	GO:0140359	IEA
AEP_02604	GO:0005524	IEA
AEP_02612	GO:0006355	IEA
AEP_02612	GO:0003700	IEA
AEP_02615	GO:0008794	IEA
AEP_02616	GO:0003674	IEA
AEP_02617	GO:0055085	IEA
AEP_02617	GO:0022857	IEA
AEP_02620	GO:0055085	IEA
AEP_02620	GO:0015562	IEA
AEP_02621	GO:0006810	IEA
AEP_02621	GO:0005215	IEA
AEP_02629	GO:0006355	IEA
AEP_02629	GO:0003677	IEA
AEP_02630	GO:0000160	IEA
AEP_02630	GO:0016310	IEA
AEP_02630	GO:0000155	IEA
AEP_02630	GO:0004673	IEA
AEP_02630	GO:0016772	IEA
AEP_02631	GO:0006508	IEA
AEP_02631	GO:0009306	IEA
AEP_02631	GO:0004190	IEA
AEP_02632	GO:0006457	IEA
AEP_02632	GO:0015035	IEA
AEP_02635	GO:0016740	IEA
AEP_02643	GO:0045893	IEA
AEP_02643	GO:0003677	IEA
AEP_02643	GO:0003700	IEA
AEP_02643	GO:0046872	IEA
AEP_02644	GO:0004803	IEA
AEP_02645	GO:0006974	IEA
AEP_02645	GO:0018142	IEA
AEP_02645	GO:0003697	IEA
AEP_02652	GO:0006265	IEA
AEP_02652	GO:0003918	IEA
AEP_02653	GO:0006260	IEA
AEP_02653	GO:0003887	IEA
AEP_02654	GO:0006270	IEA
AEP_02654	GO:0006275	IEA
AEP_02654	GO:0003677	IEA
AEP_02654	GO:0003688	IEA
AEP_02654	GO:0005524	IEA
AEP_02655	GO:0006412	IEA
AEP_02655	GO:0003735	IEA
AEP_02658	GO:0032977	IEA
AEP_02659	GO:0006400	IEA
AEP_02659	GO:0003924	IEA
AEP_02659	GO:0005515	IEA
AEP_02659	GO:0005525	IEA
AEP_02661	GO:0006168	IEA
AEP_02661	GO:0009116	IEA
AEP_02661	GO:0003999	IEA
AEP_02662	GO:0006812	IEA
AEP_02662	GO:1902600	IEA
AEP_02662	GO:0005451	IEA
AEP_02663	GO:0005975	IEA
AEP_02663	GO:0016853	IEA
AEP_02665	GO:0015920	IEA
AEP_02665	GO:0015221	IEA
AEP_02666	GO:0016491	IEA
AEP_02669	GO:0006352	IEA
AEP_02669	GO:0006355	IEA
AEP_02669	GO:0003677	IEA
AEP_02669	GO:0003700	IEA
AEP_02669	GO:0016987	IEA
AEP_02675	GO:0009058	IEA
AEP_02675	GO:0016747	IEA
AEP_02676	GO:0009086	IEA
AEP_02677	GO:0016787	IEA
AEP_02681	GO:0055085	IEA
AEP_02681	GO:0022857	IEA
AEP_02682	GO:0006364	IEA
AEP_02682	GO:0008168	IEA
AEP_02684	GO:0010033	IEA
AEP_02684	GO:0061024	IEA
AEP_02685	GO:0003755	IEA
AEP_02686	GO:0000179	IEA
AEP_02691	GO:0016491	IEA
AEP_02697	GO:0016787	IEA
AEP_02698	GO:0030145	IEA
AEP_02698	GO:0070006	IEA
AEP_02701	GO:0008658	IEA
AEP_02704	GO:0006098	IEA
AEP_02704	GO:0004802	IEA
AEP_02705	GO:0006094	IEA
AEP_02705	GO:0006096	IEA
AEP_02705	GO:0019682	IEA
AEP_02709	GO:0006810	IEA
AEP_02709	GO:0005215	IEA
AEP_02711	GO:0008080	IEA
AEP_02719	GO:0016491	IEA
AEP_02737	GO:0009966	IEA
AEP_02737	GO:0009975	IEA
AEP_02739	GO:0006040	IEA
AEP_02739	GO:0008448	IEA
AEP_02745	GO:0000160	IEA
AEP_02750	GO:0005524	IEA
AEP_02750	GO:0140359	IEA
AEP_02759	GO:0005515	IEA
AEP_02760	GO:0036211	IEA
AEP_02760	GO:0004077	IEA
AEP_02765	GO:0006281	IEA
AEP_02765	GO:0006310	IEA
AEP_02765	GO:0009432	IEA
AEP_02765	GO:0003677	IEA
AEP_02765	GO:0008094	IEA
AEP_02766	GO:0006282	IEA
AEP_02767	GO:0006592	IEA
AEP_02767	GO:0003942	IEA
AEP_02768	GO:0006099	IEA
AEP_02768	GO:0003824	IEA
AEP_02768	GO:0005524	IEA
AEP_02768	GO:0046872	IEA
AEP_02769	GO:0003824	IEA
AEP_02772	GO:0006470	IEA
AEP_02772	GO:0004722	IEA
AEP_02773	GO:0005515	IEA
AEP_02777	GO:0007155	IEA
AEP_02779	GO:0006508	IEA
AEP_02779	GO:0004222	IEA
AEP_02784	GO:0006188	IEA
AEP_02784	GO:0009152	IEA
AEP_02784	GO:0004018	IEA
AEP_02785	GO:0000373	IEA
AEP_02785	GO:0003964	IEA
AEP_02787	GO:0006749	IEA
AEP_02787	GO:0005515	IEA
AEP_02796	GO:0016491	IEA
AEP_02799	GO:0003824	IEA
AEP_02800	GO:0008882	IEA
AEP_02804	GO:0004553	IEA
AEP_02807	GO:0016491	IEA
AEP_02808	GO:0019301	IEA
AEP_02808	GO:0008740	IEA
AEP_02809	GO:0015762	IEA
AEP_02809	GO:0015153	IEA
AEP_02809	GO:0033296	IEA
AEP_02813	GO:0019301	IEA
AEP_02813	GO:0016857	IEA
AEP_02818	GO:0009306	IEA
AEP_02818	GO:0015450	IEA
AEP_02819	GO:0043952	IEA
AEP_02819	GO:0015450	IEA
AEP_02820	GO:0043952	IEA
AEP_02820	GO:0015450	IEA
AEP_02823	GO:0009294	IEA
AEP_02825	GO:0036211	IEA
AEP_02825	GO:0042586	IEA
AEP_02826	GO:0006431	IEA
AEP_02826	GO:0004479	IEA
AEP_02830	GO:0009966	IEA
AEP_02830	GO:0009975	IEA
AEP_02831	GO:0006096	IEA
AEP_02831	GO:0004743	IEA
AEP_02832	GO:0006096	IEA
AEP_02832	GO:0004332	IEA
AEP_02834	GO:0006164	IEA
AEP_02834	GO:0004639	IEA
AEP_02840	GO:0000160	IEA
AEP_02841	GO:0015036	IEA
AEP_02842	GO:0009152	IEA
AEP_02842	GO:0004638	IEA
AEP_02843	GO:0006189	IEA
AEP_02843	GO:0004638	IEA
AEP_02843	GO:0005524	IEA
AEP_02843	GO:0046872	IEA
AEP_02844	GO:0006400	IEA
AEP_02844	GO:0061710	IEA
AEP_02845	GO:0009252	IEA
AEP_02845	GO:0004175	IEA
AEP_02845	GO:0009002	IEA
AEP_02846	GO:0006400	IEA
AEP_02846	GO:0003725	IEA
AEP_02847	GO:0036211	IEA
AEP_02847	GO:0042254	IEA
AEP_02847	GO:0008999	IEA
AEP_02849	GO:0009220	IEA
AEP_02849	GO:0004590	IEA
AEP_02855	GO:0006289	IEA
AEP_02855	GO:0009381	IEA
AEP_02857	GO:0006260	IEA
AEP_02857	GO:0006281	IEA
AEP_02857	GO:0006310	IEA
AEP_02857	GO:0006351	IEA
AEP_02857	GO:0003697	IEA
AEP_02858	GO:0006810	IEA
AEP_02858	GO:0015288	IEA
AEP_02863	GO:0030253	IEA
AEP_02866	GO:0008033	IEA
AEP_02866	GO:0016740	IEA
AEP_02866	GO:0016783	IEA
AEP_02868	GO:1902600	IEA
AEP_02868	GO:0008746	IEA
AEP_02872	GO:0009116	IEA
AEP_02872	GO:0009164	IEA
AEP_02872	GO:0019509	IEA
AEP_02872	GO:0008782	IEA
AEP_02872	GO:0008930	IEA
AEP_02874	GO:0055085	IEA
AEP_02874	GO:0022857	IEA
AEP_02875	GO:0009386	IEA
AEP_02875	GO:0045182	IEA
AEP_02877	GO:0009401	IEA
AEP_02877	GO:0004674	IEA
AEP_02877	GO:0016791	IEA
AEP_02878	GO:0006355	IEA
AEP_02878	GO:0003700	IEA
AEP_02880	GO:0009089	IEA
AEP_02880	GO:0008839	IEA
AEP_02883	GO:0006429	IEA
AEP_02883	GO:0004823	IEA
AEP_02884	GO:0043165	IEA
AEP_02888	GO:0006260	IEA
AEP_02888	GO:0003887	IEA
AEP_02891	GO:0006561	IEA
AEP_02891	GO:0004350	IEA
AEP_02891	GO:0016620	IEA
AEP_02893	GO:0006750	IEA
AEP_02893	GO:0004357	IEA
AEP_02895	GO:0042919	IEA
AEP_02895	GO:0042925	IEA
AEP_02896	GO:0006750	IEA
AEP_02896	GO:0004363	IEA
AEP_02896	GO:0005524	IEA
AEP_02896	GO:0046872	IEA
AEP_02906	GO:0006468	IEA
AEP_02906	GO:0004674	IEA
AEP_02907	GO:0006355	IEA
AEP_02907	GO:0003700	IEA
AEP_02907	GO:0043565	IEA
AEP_02908	GO:0006113	IEA
AEP_02908	GO:0009404	IEA
AEP_02908	GO:0004024	IEA
AEP_02908	GO:0051903	IEA
AEP_02914	GO:0016614	IEA
AEP_02914	GO:0050660	IEA
AEP_02917	GO:0005524	IEA
AEP_02918	GO:0009116	IEA
AEP_02918	GO:0044209	IEA
AEP_02918	GO:0008714	IEA
AEP_02925	GO:0015837	IEA
AEP_02926	GO:0015837	IEA
AEP_02927	GO:0009086	IEA
AEP_02927	GO:0047150	IEA
AEP_02928	GO:0009055	IEA
AEP_02928	GO:0020037	IEA
AEP_02929	GO:0006097	IEA
AEP_02929	GO:0004474	IEA
AEP_02936	GO:0006561	IEA
AEP_02936	GO:0004735	IEA
AEP_02937	GO:0006071	IEA
AEP_02937	GO:0004370	IEA
AEP_02940	GO:0006412	IEA
AEP_02940	GO:0003735	IEA
AEP_02941	GO:0006412	IEA
AEP_02941	GO:0003735	IEA
AEP_02942	GO:0006412	IEA
AEP_02942	GO:0003735	IEA
AEP_02943	GO:0006412	IEA
AEP_02943	GO:0003735	IEA
AEP_02944	GO:0006412	IEA
AEP_02944	GO:0003735	IEA
AEP_02945	GO:0006412	IEA
AEP_02945	GO:0003735	IEA
AEP_02945	GO:0019843	IEA
AEP_02946	GO:0006412	IEA
AEP_02946	GO:0003735	IEA
AEP_02947	GO:0006412	IEA
AEP_02947	GO:0003735	IEA
AEP_02948	GO:0006412	IEA
AEP_02948	GO:0003735	IEA
AEP_02949	GO:0006412	IEA
AEP_02949	GO:0003735	IEA
AEP_02950	GO:0043952	IEA
AEP_02950	GO:0015450	IEA
AEP_02951	GO:0006412	IEA
AEP_02951	GO:0003735	IEA
AEP_02952	GO:0006412	IEA
AEP_02952	GO:0003735	IEA
AEP_02953	GO:0006412	IEA
AEP_02953	GO:0003735	IEA
AEP_02953	GO:0019843	IEA
AEP_02954	GO:0006351	IEA
AEP_02954	GO:0003677	IEA
AEP_02954	GO:0003899	IEA
AEP_02954	GO:0046983	IEA
AEP_02955	GO:0006412	IEA
AEP_02955	GO:0003735	IEA
AEP_02974	GO:0016787	IEA
AEP_02978	GO:0006265	IEA
AEP_02978	GO:0003677	IEA
AEP_02978	GO:0003916	IEA
AEP_02979	GO:0005524	IEA
AEP_02983	GO:0042773	IEA
AEP_02983	GO:0008137	IEA
AEP_02986	GO:0009097	IEA
AEP_02986	GO:0009099	IEA
AEP_02986	GO:0004160	IEA
AEP_02995	GO:0006310	IEA
AEP_02995	GO:0015074	IEA
AEP_02995	GO:0003677	IEA
AEP_03002	GO:0005524	IEA
AEP_03009	GO:0003677	IEA
AEP_03031	GO:0047443	IEA
AEP_03034	GO:0046278	IEA
AEP_03034	GO:0018579	IEA
AEP_03042	GO:0016866	IEA
AEP_03051	GO:0003676	IEA
AEP_03051	GO:0003724	IEA
AEP_03051	GO:0005524	IEA
AEP_03054	GO:0006508	IEA
AEP_03054	GO:0004222	IEA
AEP_03058	GO:0009055	IEA
AEP_03064	GO:0006415	IEA
AEP_03064	GO:0003747	IEA
AEP_03065	GO:0006396	IEA
AEP_03065	GO:0008452	IEA
AEP_03066	GO:0006355	IEA
AEP_03066	GO:0003700	IEA
AEP_03066	GO:0005524	IEA
AEP_03066	GO:0008134	IEA
AEP_03069	GO:0006396	IEA
AEP_03069	GO:0003963	IEA
AEP_03071	GO:0006457	IEA
AEP_03071	GO:0005524	IEA
AEP_03071	GO:0016887	IEA
AEP_03071	GO:0051082	IEA
AEP_03090	GO:0016746	IEA
AEP_03093	GO:0006629	IEA
AEP_03095	GO:0016491	IEA
AEP_03097	GO:0000271	IEA
AEP_03097	GO:0003979	IEA
AEP_03097	GO:0016616	IEA
AEP_03097	GO:0051287	IEA
AEP_03117	GO:0006592	IEA
AEP_03117	GO:0003991	IEA
AEP_03120	GO:0010974	IEA
AEP_03120	GO:0003677	IEA
AEP_03126	GO:0016746	IEA
AEP_03131	GO:0016627	IEA
AEP_03147	GO:0005524	IEA
AEP_03147	GO:0140359	IEA
AEP_03151	GO:0000373	IEA
AEP_03151	GO:0003964	IEA
AEP_03152	GO:0000373	IEA
AEP_03152	GO:0003964	IEA
AEP_03154	GO:0009220	IEA
AEP_03154	GO:0004151	IEA
AEP_03157	GO:0006508	IEA
AEP_03157	GO:0004222	IEA
AEP_03158	GO:0006865	IEA
AEP_03159	GO:0007165	IEA
AEP_03161	GO:0006355	IEA
AEP_03161	GO:0003700	IEA
AEP_03161	GO:0043565	IEA
AEP_03162	GO:0006865	IEA
AEP_03162	GO:0015171	IEA
AEP_03164	GO:0006520	IEA
AEP_03164	GO:0008851	IEA
AEP_03165	GO:0006535	IEA
AEP_03165	GO:0004124	IEA
AEP_03169	GO:0009089	IEA
AEP_03169	GO:0008837	IEA
AEP_03175	GO:0006355	IEA
AEP_03175	GO:0019899	IEA
AEP_03177	GO:0051603	IEA
AEP_03177	GO:0004298	IEA
AEP_03178	GO:0005524	IEA
AEP_03178	GO:0008233	IEA
AEP_03178	GO:0016887	IEA
AEP_03179	GO:0051302	IEA
AEP_03179	GO:0043565	IEA
AEP_03180	GO:0016434	IEA
AEP_03181	GO:0000910	IEA
AEP_03183	GO:0008360	IEA
AEP_03183	GO:0009058	IEA
AEP_03183	GO:0051301	IEA
AEP_03183	GO:0005524	IEA
AEP_03183	GO:0016874	IEA
AEP_03184	GO:0009252	IEA
AEP_03184	GO:0047480	IEA
AEP_03185	GO:0009252	IEA
AEP_03185	GO:0008963	IEA
AEP_03186	GO:0009252	IEA
AEP_03186	GO:0008764	IEA
AEP_03187	GO:0009252	IEA
AEP_03187	GO:0051301	IEA
AEP_03187	GO:0003674	IEA
AEP_03188	GO:0009252	IEA
AEP_03188	GO:0050511	IEA
AEP_03189	GO:0009252	IEA
AEP_03189	GO:0008763	IEA
AEP_03192	GO:0043093	IEA
AEP_03192	GO:0005515	IEA
AEP_03192	GO:0005524	IEA
AEP_03194	GO:0000910	IEA
AEP_03194	GO:0003924	IEA
AEP_03195	GO:0009245	IEA
AEP_03195	GO:0008759	IEA
AEP_03196	GO:0071973	IEA
AEP_03198	GO:0006310	IEA
AEP_03198	GO:0008821	IEA
AEP_03201	GO:0009252	IEA
AEP_03203	GO:0003723	IEA
AEP_03203	GO:0004540	IEA
AEP_03206	GO:0008360	IEA
AEP_03208	GO:0006508	IEA
AEP_03208	GO:0008237	IEA
AEP_03209	GO:0009423	IEA
AEP_03209	GO:0003849	IEA
AEP_03211	GO:0009252	IEA
AEP_03211	GO:0016881	IEA
AEP_03214	GO:0006633	IEA
AEP_03214	GO:0003989	IEA
AEP_03215	GO:0006633	IEA
AEP_03215	GO:0003989	IEA
AEP_03215	GO:0004075	IEA
AEP_03216	GO:0036211	IEA
AEP_03216	GO:0008757	IEA
AEP_03219	GO:0009263	IEA
AEP_03219	GO:0016491	IEA
AEP_03220	GO:0006260	IEA
AEP_03220	GO:0004748	IEA
AEP_03220	GO:0005524	IEA
AEP_03221	GO:0009253	IEA
AEP_03221	GO:0008745	IEA
AEP_03225	GO:0017004	IEA
AEP_03225	GO:0020037	IEA
AEP_03226	GO:0009306	IEA
AEP_03226	GO:0003924	IEA
AEP_03226	GO:0005048	IEA
AEP_03234	GO:0006400	IEA
AEP_03234	GO:0016782	IEA
AEP_03234	GO:0051539	IEA
AEP_03234	GO:1904047	IEA
AEP_03238	GO:0003824	IEA
AEP_03241	GO:0071949	IEA
AEP_03245	GO:0005525	IEA
AEP_03247	GO:0002098	IEA
AEP_03247	GO:0043828	IEA
AEP_03249	GO:0008033	IEA
AEP_03249	GO:0003824	IEA
AEP_03249	GO:0016491	IEA
AEP_03249	GO:0017150	IEA
AEP_03249	GO:0050660	IEA
AEP_03251	GO:0006164	IEA
AEP_03251	GO:0006189	IEA
AEP_03251	GO:0003824	IEA
AEP_03251	GO:0003937	IEA
AEP_03251	GO:0004643	IEA
AEP_03252	GO:1901135	IEA
AEP_03252	GO:0097367	IEA
AEP_03253	GO:0006779	IEA
AEP_03253	GO:0042286	IEA
AEP_03255	GO:0000160	IEA
AEP_03256	GO:0000160	IEA
AEP_03259	GO:0000160	IEA
AEP_03262	GO:0008150	IEA
AEP_03262	GO:0003674	IEA
AEP_03263	GO:0009116	IEA
AEP_03264	GO:0006207	IEA
AEP_03264	GO:0006520	IEA
AEP_03264	GO:0004070	IEA
AEP_03264	GO:0016597	IEA
AEP_03274	GO:0055085	IEA
AEP_03274	GO:0022857	IEA
AEP_03276	GO:0008654	IEA
AEP_03276	GO:0004609	IEA
AEP_03277	GO:0008483	IEA
AEP_03277	GO:0030170	IEA
AEP_03280	GO:0006813	IEA
AEP_03280	GO:0015503	IEA
AEP_03284	GO:0006400	IEA
AEP_03284	GO:0008175	IEA
AEP_03287	GO:0004129	IEA
AEP_03288	GO:0004129	IEA
AEP_03297	GO:0006783	IEA
AEP_03297	GO:0008495	IEA
AEP_03300	GO:0006352	IEA
AEP_03300	GO:0016987	IEA
AEP_03305	GO:0006355	IEA
AEP_03305	GO:0003700	IEA
AEP_03305	GO:0043565	IEA
AEP_03312	GO:0009432	IEA
AEP_03312	GO:0051782	IEA
AEP_03320	GO:0016491	IEA
AEP_03332	GO:0000160	IEA
AEP_03334	GO:0019310	IEA
AEP_03334	GO:0050112	IEA
AEP_03336	GO:0019310	IEA
AEP_03336	GO:0047590	IEA
AEP_03337	GO:0019310	IEA
AEP_03337	GO:0000287	IEA
AEP_03337	GO:0016823	IEA
AEP_03337	GO:0030976	IEA
AEP_03338	GO:0019310	IEA
AEP_03338	GO:0050114	IEA
AEP_03339	GO:0019310	IEA
AEP_03339	GO:0016861	IEA
AEP_03344	GO:0055085	IEA
AEP_03344	GO:0022857	IEA
AEP_03353	GO:0005524	IEA
AEP_03356	GO:0016491	IEA
AEP_03357	GO:0006355	IEA
AEP_03357	GO:0005524	IEA
AEP_03357	GO:0008134	IEA
AEP_03358	GO:0006098	IEA
AEP_03358	GO:0042732	IEA
AEP_03358	GO:0000287	IEA
AEP_03358	GO:0009045	IEA
AEP_03359	GO:0005997	IEA
AEP_03359	GO:0042732	IEA
AEP_03359	GO:0004856	IEA
AEP_03359	GO:0005515	IEA
AEP_03372	GO:0003677	IEA
AEP_03374	GO:0015740	IEA
AEP_03374	GO:0015556	IEA
AEP_03376	GO:0009423	IEA
AEP_03376	GO:0003855	IEA
AEP_03381	GO:0006556	IEA
AEP_03381	GO:0004478	IEA
AEP_03382	GO:0016740	IEA
AEP_03384	GO:0042254	IEA
AEP_03384	GO:0003924	IEA
AEP_03384	GO:0005525	IEA
AEP_03384	GO:0043022	IEA
AEP_03387	GO:0017004	IEA
AEP_03387	GO:0020037	IEA
AEP_03388	GO:0030091	IEA
AEP_03388	GO:0016667	IEA
AEP_03388	GO:0043546	IEA
AEP_03390	GO:0009089	IEA
AEP_03390	GO:0008836	IEA
AEP_03391	GO:0016226	IEA
AEP_03391	GO:0005506	IEA
AEP_03399	GO:0009423	IEA
AEP_03399	GO:0003856	IEA
AEP_03400	GO:0016793	IEA
AEP_03406	GO:0006537	IEA
AEP_03406	GO:0015930	IEA
AEP_03406	GO:0016638	IEA
AEP_03410	GO:0015914	IEA
AEP_03417	GO:0000105	IEA
AEP_03417	GO:0003879	IEA
AEP_03418	GO:0000105	IEA
AEP_03418	GO:0004399	IEA
AEP_03423	GO:0000105	IEA
AEP_03423	GO:0004400	IEA
AEP_03424	GO:0000105	IEA
AEP_03424	GO:0004424	IEA
AEP_03425	GO:0000105	IEA
AEP_03425	GO:0000107	IEA
AEP_03425	GO:0016884	IEA
AEP_03426	GO:0000105	IEA
AEP_03426	GO:0003949	IEA
AEP_03427	GO:0000105	IEA
AEP_03427	GO:0000107	IEA
AEP_03428	GO:0000105	IEA
AEP_03428	GO:0004635	IEA
AEP_03429	GO:0000105	IEA
AEP_03429	GO:0004636	IEA
AEP_03432	GO:0043953	IEA
AEP_03433	GO:0015031	IEA
AEP_03433	GO:0015628	IEA
AEP_03434	GO:0015628	IEA
AEP_03436	GO:0008150	IEA
AEP_03436	GO:0051540	IEA
AEP_03437	GO:0008615	IEA
AEP_03437	GO:0050570	IEA
AEP_03438	GO:0034220	IEA
AEP_03438	GO:0008381	IEA
AEP_03439	GO:0009060	IEA
AEP_03439	GO:0008121	IEA
AEP_03439	GO:0009055	IEA
AEP_03442	GO:0006749	IEA
AEP_03442	GO:0005515	IEA
AEP_03447	GO:0006605	IEA
AEP_03447	GO:0006886	IEA
AEP_03447	GO:0017038	IEA
AEP_03447	GO:0005524	IEA
AEP_03448	GO:0006526	IEA
AEP_03448	GO:0004358	IEA
AEP_03450	GO:0016787	IEA
AEP_03452	GO:0015937	IEA
AEP_03452	GO:0004140	IEA
AEP_03455	GO:0009297	IEA
AEP_03455	GO:0016887	IEA
AEP_03456	GO:0009243	IEA
AEP_03456	GO:0019305	IEA
AEP_03456	GO:0008830	IEA
AEP_03457	GO:0009243	IEA
AEP_03457	GO:0019305	IEA
AEP_03457	GO:0008879	IEA
AEP_03459	GO:0009243	IEA
AEP_03459	GO:0019305	IEA
AEP_03459	GO:0008460	IEA
AEP_03478	GO:0008150	IEA
AEP_03478	GO:0003674	IEA
AEP_03479	GO:0043687	IEA
AEP_03479	GO:0004197	IEA
AEP_03487	GO:0006012	IEA
AEP_03487	GO:0003978	IEA
AEP_03489	GO:0009103	IEA
AEP_03489	GO:0004476	IEA
AEP_03489	GO:0008905	IEA
AEP_03492	GO:0008299	IEA
AEP_03493	GO:0006412	IEA
AEP_03493	GO:0003735	IEA
AEP_03494	GO:0006412	IEA
AEP_03494	GO:0003735	IEA
AEP_03495	GO:0000287	IEA
AEP_03495	GO:0003924	IEA
AEP_03495	GO:0005525	IEA
AEP_03496	GO:0006561	IEA
AEP_03496	GO:0004349	IEA
AEP_03498	GO:0016787	IEA
AEP_03499	GO:0006418	IEA
AEP_03499	GO:0006433	IEA
AEP_03499	GO:0000166	IEA
AEP_03499	GO:0002161	IEA
AEP_03499	GO:0004812	IEA
AEP_03499	GO:0004827	IEA
AEP_03499	GO:0005524	IEA
AEP_03502	GO:0009055	IEA
AEP_03504	GO:0009098	IEA
AEP_03504	GO:0003852	IEA
AEP_03506	GO:0006412	IEA
AEP_03506	GO:0018364	IEA
AEP_03506	GO:0008757	IEA
AEP_03507	GO:0007165	IEA
AEP_03508	GO:0006415	IEA
AEP_03508	GO:0016149	IEA
AEP_03509	GO:0006779	IEA
AEP_03509	GO:0008883	IEA
AEP_03512	GO:0006629	IEA
AEP_03512	GO:0008081	IEA
AEP_03513	GO:0005524	IEA
AEP_03513	GO:0140359	IEA
AEP_03514	GO:0015794	IEA
AEP_03516	GO:0055085	IEA
AEP_03520	GO:0008168	IEA
AEP_03523	GO:0006744	IEA
AEP_03526	GO:0006418	IEA
AEP_03526	GO:0000166	IEA
AEP_03526	GO:0004812	IEA
AEP_03526	GO:0005524	IEA
AEP_03526	GO:0016874	IEA
AEP_03527	GO:0046656	IEA
AEP_03527	GO:0008828	IEA
AEP_03527	GO:0019177	IEA
AEP_03529	GO:0032049	IEA
AEP_03529	GO:0008808	IEA
AEP_03536	GO:0008641	IEA
AEP_03538	GO:0006096	IEA
AEP_03538	GO:0004619	IEA
AEP_03540	GO:0015036	IEA
AEP_03543	GO:0051235	IEA
AEP_03543	GO:0016874	IEA
AEP_03544	GO:0051235	IEA
AEP_03544	GO:0016874	IEA
AEP_03548	GO:0015940	IEA
AEP_03548	GO:0004592	IEA
AEP_03549	GO:0015940	IEA
AEP_03549	GO:0003864	IEA
AEP_03553	GO:0019363	IEA
AEP_03553	GO:0004514	IEA
AEP_03554	GO:0009435	IEA
AEP_03554	GO:0008987	IEA
AEP_03554	GO:0051539	IEA
AEP_03556	GO:0007165	IEA
AEP_03558	GO:0015703	IEA
AEP_03558	GO:0015109	IEA
AEP_03560	GO:0006749	IEA
AEP_03560	GO:0005515	IEA
AEP_03562	GO:0007165	IEA
AEP_03567	GO:0019628	IEA
AEP_03569	GO:0009435	IEA
AEP_03569	GO:0008734	IEA
AEP_03570	GO:0008272	IEA
AEP_03570	GO:0015116	IEA
AEP_03572	GO:0006431	IEA
AEP_03572	GO:0000166	IEA
AEP_03572	GO:0004825	IEA
AEP_03572	GO:0005524	IEA
AEP_03580	GO:0006629	IEA
AEP_03581	GO:0016226	IEA
AEP_03581	GO:0005524	IEA
AEP_03581	GO:0016887	IEA
AEP_03581	GO:0051536	IEA
AEP_03583	GO:0007165	IEA
AEP_03586	GO:0015942	IEA
AEP_03586	GO:0008863	IEA
AEP_03588	GO:0055085	IEA
AEP_03589	GO:0005524	IEA
AEP_03591	GO:0006777	IEA
AEP_03591	GO:0005525	IEA
AEP_03591	GO:0070568	IEA
AEP_03593	GO:0006855	IEA
AEP_03593	GO:0009410	IEA
AEP_03593	GO:0042910	IEA
AEP_03596	GO:0006810	IEA
AEP_03596	GO:0005215	IEA
AEP_03597	GO:0006810	IEA
AEP_03597	GO:0015288	IEA
AEP_03613	GO:0006281	IEA
AEP_03613	GO:0003677	IEA
AEP_03614	GO:0003755	IEA
AEP_03615	GO:0019288	IEA
AEP_03615	GO:0050992	IEA
AEP_03615	GO:0046872	IEA
AEP_03615	GO:0051745	IEA
AEP_03616	GO:0006434	IEA
AEP_03616	GO:0004828	IEA
AEP_03621	GO:0016614	IEA
AEP_03626	GO:0006436	IEA
AEP_03626	GO:0004830	IEA
AEP_03628	GO:0006400	IEA
AEP_03628	GO:0061710	IEA
AEP_03632	GO:0009166	IEA
AEP_03632	GO:0000166	IEA
AEP_03632	GO:0016787	IEA
AEP_03632	GO:0046872	IEA
AEP_03634	GO:0009055	IEA
AEP_03634	GO:0020037	IEA
AEP_03636	GO:0009055	IEA
AEP_03636	GO:0051536	IEA
AEP_03638	GO:0006633	IEA
AEP_03638	GO:0004315	IEA
AEP_03647	GO:0006935	IEA
AEP_03647	GO:0007165	IEA
AEP_03655	GO:0006508	IEA
AEP_03655	GO:0009306	IEA
AEP_03655	GO:0004190	IEA
AEP_03656	GO:0006428	IEA
AEP_03656	GO:0004822	IEA
AEP_03660	GO:0006310	IEA
AEP_03660	GO:0015074	IEA
AEP_03660	GO:0003677	IEA
AEP_03664	GO:0006313	IEA
AEP_03664	GO:0003677	IEA
AEP_03664	GO:0004803	IEA
AEP_03665	GO:0005524	IEA
AEP_03667	GO:0004803	IEA
AEP_03668	GO:0005524	IEA
AEP_03669	GO:0004803	IEA
AEP_03673	GO:0003677	IEA
AEP_03691	GO:0000287	IEA
AEP_03691	GO:0008897	IEA
AEP_03693	GO:0006633	IEA
AEP_03693	GO:0004314	IEA
AEP_03704	GO:0000910	IEA
AEP_03704	GO:0007059	IEA
AEP_03704	GO:0003677	IEA
AEP_03715	GO:0006310	IEA
AEP_03715	GO:0015074	IEA
AEP_03715	GO:0003677	IEA
AEP_03719	GO:0006310	IEA
AEP_03719	GO:0015074	IEA
AEP_03719	GO:0003677	IEA
AEP_03724	GO:0019242	IEA
AEP_03724	GO:0008929	IEA
AEP_03733	GO:0016627	IEA
AEP_03734	GO:0016627	IEA
AEP_03734	GO:0050660	IEA
AEP_03736	GO:0009152	IEA
AEP_03736	GO:0004644	IEA
AEP_03742	GO:0006629	IEA
AEP_03743	GO:0006412	IEA
AEP_03743	GO:0003735	IEA
AEP_03744	GO:0006412	IEA
AEP_03744	GO:0003735	IEA
AEP_03745	GO:0004791	IEA
AEP_03748	GO:0009306	IEA
AEP_03748	GO:0008320	IEA
AEP_03760	GO:0006535	IEA
AEP_03760	GO:0004124	IEA
AEP_03763	GO:0006438	IEA
AEP_03763	GO:0000166	IEA
AEP_03763	GO:0004812	IEA
AEP_03763	GO:0004832	IEA
AEP_03763	GO:0005524	IEA
AEP_03765	GO:0006777	IEA
AEP_03765	GO:0003824	IEA
AEP_03770	GO:0008616	IEA
AEP_03770	GO:0033739	IEA
AEP_03770	GO:0043867	IEA
AEP_03774	GO:0007165	IEA
AEP_03776	GO:0006281	IEA
AEP_03776	GO:0003684	IEA
AEP_03776	GO:0003887	IEA
AEP_03781	GO:0009252	IEA
AEP_03781	GO:0003824	IEA
AEP_03788	GO:0004866	IEA
AEP_03794	GO:0006352	IEA
AEP_03794	GO:0006355	IEA
AEP_03794	GO:0003677	IEA
AEP_03794	GO:0003700	IEA
AEP_03794	GO:0016987	IEA
AEP_03796	GO:0009055	IEA
AEP_03796	GO:0020037	IEA
AEP_03800	GO:0015035	IEA
AEP_03806	GO:0042450	IEA
AEP_03806	GO:0004056	IEA
AEP_03807	GO:0000160	IEA
AEP_03807	GO:0000155	IEA
AEP_03810	GO:0006099	IEA
AEP_03810	GO:0015977	IEA
AEP_03810	GO:0008964	IEA
AEP_03811	GO:0006779	IEA
AEP_03811	GO:0004418	IEA
AEP_03817	GO:0006401	IEA
AEP_03817	GO:0004540	IEA
AEP_03818	GO:0001522	IEA
AEP_03818	GO:0009451	IEA
AEP_03818	GO:0009982	IEA
AEP_03819	GO:0008152	IEA
AEP_03819	GO:0016787	IEA
AEP_03820	GO:0051537	IEA
AEP_03823	GO:0000917	IEA
AEP_03825	GO:0006412	IEA
AEP_03825	GO:0003735	IEA
AEP_03826	GO:0008610	IEA
AEP_03826	GO:0043811	IEA
AEP_03828	GO:0006633	IEA
AEP_03828	GO:0004314	IEA
AEP_03829	GO:0006633	IEA
AEP_03829	GO:0004316	IEA
AEP_03829	GO:0051287	IEA
AEP_03830	GO:0006633	IEA
AEP_03831	GO:0006633	IEA
AEP_03831	GO:0004315	IEA
AEP_03833	GO:0016989	IEA
AEP_03835	GO:0006508	IEA
AEP_03835	GO:0006950	IEA
AEP_03835	GO:0004252	IEA
AEP_03835	GO:0005515	IEA
AEP_03836	GO:0003924	IEA
AEP_03836	GO:0005525	IEA
AEP_03837	GO:0006465	IEA
AEP_03837	GO:0009306	IEA
AEP_03837	GO:0004252	IEA
AEP_03839	GO:0006396	IEA
AEP_03839	GO:0004525	IEA
AEP_03840	GO:0003723	IEA
AEP_03840	GO:0005525	IEA
AEP_03841	GO:0006281	IEA
AEP_03841	GO:0006310	IEA
AEP_03841	GO:0003677	IEA
AEP_03842	GO:0008615	IEA
AEP_03842	GO:0033856	IEA
AEP_03843	GO:0008610	IEA
AEP_03843	GO:0008897	IEA
AEP_03844	GO:0005975	IEA
AEP_03844	GO:0004553	IEA
AEP_03845	GO:0036211	IEA
AEP_03845	GO:0004252	IEA
AEP_03847	GO:0000287	IEA
AEP_03847	GO:0008897	IEA
AEP_03852	GO:0006413	IEA
AEP_03852	GO:0003743	IEA
AEP_03855	GO:0001522	IEA
AEP_03855	GO:0009982	IEA
AEP_03857	GO:0006430	IEA
AEP_03857	GO:0004824	IEA
AEP_03859	GO:0006633	IEA
AEP_03859	GO:0003989	IEA
AEP_03860	GO:0000162	IEA
AEP_03860	GO:0004834	IEA
AEP_03861	GO:0000162	IEA
AEP_03861	GO:0004834	IEA
AEP_03862	GO:0000162	IEA
AEP_03862	GO:0004640	IEA
AEP_03863	GO:0006400	IEA
AEP_03863	GO:0009982	IEA
AEP_03865	GO:0009089	IEA
AEP_03865	GO:0004073	IEA
AEP_03866	GO:0009098	IEA
AEP_03866	GO:0003862	IEA
AEP_03867	GO:0009098	IEA
AEP_03867	GO:0003861	IEA
AEP_03868	GO:0009636	IEA
AEP_03869	GO:0009098	IEA
AEP_03869	GO:0003861	IEA
AEP_03871	GO:0046912	IEA
AEP_03874	GO:0006099	IEA
AEP_03874	GO:0022900	IEA
AEP_03874	GO:0016627	IEA
AEP_03874	GO:0050660	IEA
AEP_03875	GO:0006099	IEA
AEP_03875	GO:0000104	IEA
AEP_03876	GO:0006099	IEA
AEP_03876	GO:0000104	IEA
AEP_03878	GO:0006108	IEA
AEP_03878	GO:0016615	IEA
AEP_03879	GO:0003824	IEA
AEP_03881	GO:0006099	IEA
AEP_03881	GO:0003994	IEA
AEP_03886	GO:0006412	IEA
AEP_03886	GO:0003735	IEA
AEP_03887	GO:0006364	IEA
AEP_03887	GO:0003723	IEA
AEP_03888	GO:0008033	IEA
AEP_03888	GO:0052906	IEA
AEP_03889	GO:0006412	IEA
AEP_03889	GO:0003735	IEA
AEP_03890	GO:0000287	IEA
AEP_03890	GO:0010945	IEA
AEP_03891	GO:0009236	IEA
AEP_03891	GO:0048472	IEA
AEP_03892	GO:0006412	IEA
AEP_03892	GO:0005525	IEA
AEP_03892	GO:0043022	IEA
AEP_03895	GO:0000175	IEA
AEP_03895	GO:0003676	IEA
AEP_03904	GO:0006163	IEA
AEP_03904	GO:0003920	IEA
AEP_03905	GO:0005524	IEA
AEP_03912	GO:0009088	IEA
AEP_03912	GO:0004413	IEA
AEP_03913	GO:0006261	IEA
AEP_03913	GO:0003676	IEA
AEP_03913	GO:0003677	IEA
AEP_03913	GO:0003887	IEA
AEP_03913	GO:0008408	IEA
AEP_03914	GO:0007165	IEA
AEP_03916	GO:0055085	IEA
AEP_03919	GO:0006810	IEA
AEP_03919	GO:0015288	IEA
AEP_03920	GO:0006810	IEA
AEP_03920	GO:0005215	IEA
AEP_03930	GO:0006308	IEA
AEP_03930	GO:0008855	IEA
AEP_03932	GO:0008615	IEA
AEP_03932	GO:0009228	IEA
AEP_03932	GO:0009240	IEA
AEP_03932	GO:0008661	IEA
AEP_03935	GO:0015740	IEA
AEP_03935	GO:0015556	IEA
AEP_03937	GO:0006814	IEA
AEP_03937	GO:0015297	IEA
AEP_03940	GO:0009244	IEA
AEP_03940	GO:0008712	IEA
AEP_03941	GO:0009244	IEA
AEP_03941	GO:0016773	IEA
AEP_03942	GO:0008653	IEA
AEP_03942	GO:0005515	IEA
AEP_03944	GO:0006310	IEA
AEP_03944	GO:0006355	IEA
AEP_03944	GO:0003677	IEA
AEP_03945	GO:0006412	IEA
AEP_03945	GO:0003723	IEA
AEP_03945	GO:0003735	IEA
AEP_03947	GO:0006571	IEA
AEP_03947	GO:0004665	IEA
AEP_03947	GO:0008977	IEA
AEP_03948	GO:0009094	IEA
AEP_03948	GO:0004664	IEA
AEP_03949	GO:0006564	IEA
AEP_03949	GO:0003824	IEA
AEP_03949	GO:0004648	IEA
AEP_03950	GO:0006259	IEA
AEP_03950	GO:0006265	IEA
AEP_03950	GO:0003677	IEA
AEP_03950	GO:0003916	IEA
AEP_03950	GO:0003918	IEA
AEP_03950	GO:0005524	IEA
AEP_03952	GO:0006744	IEA
AEP_03952	GO:0008689	IEA
AEP_03953	GO:0008152	IEA
AEP_03953	GO:0009853	IEA
AEP_03953	GO:0043094	IEA
AEP_03953	GO:0008967	IEA
AEP_03960	GO:0005524	IEA
AEP_03964	GO:0006281	IEA
AEP_03964	GO:0003913	IEA
AEP_03971	GO:0006542	IEA
AEP_03971	GO:0004356	IEA
AEP_03973	GO:0006355	IEA
AEP_03973	GO:0007165	IEA
AEP_03973	GO:0016310	IEA
AEP_03973	GO:0000155	IEA
AEP_03974	GO:0000160	IEA
AEP_03974	GO:0006808	IEA
AEP_03974	GO:0000156	IEA
AEP_03974	GO:0003677	IEA
AEP_03978	GO:0006231	IEA
AEP_03978	GO:0004799	IEA
AEP_03980	GO:0055085	IEA
AEP_03980	GO:0022857	IEA
AEP_03984	GO:0008150	IEA
AEP_03984	GO:0003674	IEA
AEP_03993	GO:0009073	IEA
AEP_03993	GO:0004107	IEA
AEP_03998	GO:0007165	IEA
AEP_04002	GO:0009063	IEA
AEP_04002	GO:0003941	IEA
AEP_04002	GO:0051539	IEA
AEP_04003	GO:0016491	IEA
AEP_04004	GO:0019464	IEA
AEP_04004	GO:0004375	IEA
AEP_04005	GO:0019464	IEA
AEP_04005	GO:0003824	IEA
AEP_04006	GO:0006546	IEA
AEP_04006	GO:0004047	IEA
AEP_04015	GO:0006355	IEA
AEP_04016	GO:0018339	IEA
AEP_04016	GO:0008172	IEA
AEP_04016	GO:0016782	IEA
AEP_04016	GO:0051539	IEA
AEP_04016	GO:1904047	IEA
AEP_04018	GO:0006401	IEA
AEP_04018	GO:0008997	IEA
AEP_04019	GO:0052855	IEA
AEP_04022	GO:0016491	IEA
AEP_04023	GO:0006412	IEA
AEP_04023	GO:0003735	IEA
AEP_04024	GO:0006414	IEA
AEP_04024	GO:0003746	IEA
AEP_04025	GO:0015949	IEA
AEP_04025	GO:0033862	IEA
AEP_04026	GO:0006412	IEA
AEP_04026	GO:0008135	IEA
AEP_04027	GO:0009252	IEA
AEP_04029	GO:0008299	IEA
AEP_04029	GO:0005515	IEA
AEP_04029	GO:0030604	IEA
AEP_04029	GO:0046872	IEA
AEP_04029	GO:0070402	IEA
AEP_04030	GO:0006508	IEA
AEP_04030	GO:0004222	IEA
AEP_04033	GO:0009245	IEA
AEP_04033	GO:0016410	IEA
AEP_04035	GO:0008610	IEA
AEP_04035	GO:0008780	IEA
AEP_04036	GO:0009245	IEA
AEP_04036	GO:0008915	IEA
AEP_04037	GO:0003723	IEA
AEP_04037	GO:0004523	IEA
AEP_04039	GO:0009220	IEA
AEP_04039	GO:0004088	IEA
AEP_04040	GO:0006865	IEA
AEP_04041	GO:0006807	IEA
AEP_04041	GO:0005524	IEA
AEP_04041	GO:0046872	IEA
AEP_04042	GO:0032784	IEA
AEP_04042	GO:0003677	IEA
AEP_04042	GO:0070063	IEA
AEP_04046	GO:0006508	IEA
AEP_04046	GO:0051301	IEA
AEP_04046	GO:0004222	IEA
AEP_04046	GO:0016887	IEA
AEP_04047	GO:0009396	IEA
AEP_04047	GO:0004156	IEA
AEP_04048	GO:0005975	IEA
AEP_04048	GO:0000287	IEA
AEP_04048	GO:0008966	IEA
AEP_04048	GO:0016868	IEA
AEP_04053	GO:0003674	IEA
AEP_04054	GO:0008794	IEA
AEP_04061	GO:0006799	IEA
AEP_04061	GO:0008976	IEA
AEP_04068	GO:0035435	IEA
AEP_04068	GO:0042301	IEA
AEP_04069	GO:0015415	IEA
AEP_04070	GO:0035435	IEA
AEP_04071	GO:0005524	IEA
AEP_04071	GO:0015415	IEA
AEP_04072	GO:0051049	IEA
AEP_04072	GO:0003700	IEA
AEP_04073	GO:0000160	IEA
AEP_04073	GO:0006355	IEA
AEP_04073	GO:0006796	IEA
AEP_04073	GO:0000156	IEA
AEP_04073	GO:0003700	IEA
AEP_04074	GO:0000160	IEA
AEP_04074	GO:0006796	IEA
AEP_04074	GO:0000155	IEA
AEP_04076	GO:0006412	IEA
AEP_04076	GO:0003735	IEA
AEP_04077	GO:0006353	IEA
AEP_04077	GO:0004386	IEA
AEP_04077	GO:0008186	IEA
AEP_04078	GO:0006662	IEA
AEP_04078	GO:0015035	IEA
AEP_04080	GO:0005524	IEA
AEP_04083	GO:0006260	IEA
AEP_04083	GO:0003677	IEA
AEP_04083	GO:0003887	IEA
AEP_04083	GO:0005524	IEA
AEP_04084	GO:0008150	IEA
AEP_04084	GO:0003677	IEA
AEP_04085	GO:0006281	IEA
AEP_04085	GO:0006310	IEA
AEP_04088	GO:0019243	IEA
AEP_04088	GO:0004416	IEA
AEP_04090	GO:0003676	IEA
AEP_04090	GO:0004523	IEA
AEP_04091	GO:0006777	IEA
AEP_04091	GO:0051539	IEA
