GID	CHROMOSOME
AEP_00001	1
AEP_00002	1
AEP_00003	1
AEP_00004	1
AEP_00005	1
AEP_00006	1
AEP_00007	1
AEP_00008	1
AEP_00009	1
AEP_00010	1
AEP_00011	1
AEP_00012	1
AEP_00013	1
AEP_00014	1
AEP_00015	1
AEP_00016	1
AEP_00017	1
AEP_00018	1
AEP_00019	1
AEP_00020	1
AEP_00021	1
AEP_00022	1
AEP_00023	1
AEP_00026	1
AEP_00027	1
AEP_00028	1
AEP_00029	1
AEP_00030	1
AEP_00031	1
AEP_00032	1
AEP_00033	1
AEP_00034	1
AEP_00035	1
AEP_00036	1
AEP_00037	1
AEP_00038	1
AEP_00039	1
AEP_00040	1
AEP_00041	1
AEP_00042	1
AEP_00043	1
AEP_00044	1
AEP_00045	1
AEP_00046	1
AEP_00047	1
AEP_00048	1
AEP_00049	1
AEP_00050	1
AEP_00051	1
AEP_00052	1
AEP_00053	1
AEP_00054	1
AEP_00055	1
AEP_00057	1
AEP_00058	1
AEP_00059	1
none	1
AEP_00060	1
AEP_00061	1
AEP_00062	1
AEP_00063	1
AEP_00064	1
AEP_00065	1
AEP_00066	1
none	1
AEP_00069	1
AEP_00070	1
AEP_00071	1
AEP_00072	1
AEP_00073	1
AEP_00074	1
AEP_00075	1
AEP_00076	1
AEP_00077	1
AEP_00078	1
AEP_00079	1
AEP_00080	1
AEP_00081	1
AEP_00082	1
AEP_00084	1
none	1
AEP_00085	1
AEP_00086	1
AEP_00087	1
AEP_00088	1
AEP_00089	1
AEP_00090	1
AEP_00091	1
AEP_00092	1
AEP_00093	1
AEP_00094	1
AEP_00095	1
AEP_00096	1
AEP_00097	1
AEP_00098	1
AEP_00099	1
AEP_00100	1
AEP_00101	1
AEP_00102	1
AEP_00103	1
AEP_00104	1
AEP_00105	1
AEP_00106	1
AEP_00107	1
AEP_00108	1
AEP_00109	1
AEP_00110	1
AEP_00111	1
AEP_00112	1
AEP_00113	1
AEP_00114	1
AEP_00115	1
AEP_00117	1
AEP_00118	1
AEP_00119	1
AEP_00120	1
AEP_00121	1
AEP_00122	1
AEP_00123	1
AEP_00124	1
AEP_00125	1
none	1
AEP_00126	1
AEP_00127	1
AEP_00128	1
none	1
AEP_00130	1
AEP_00131	1
AEP_00132	1
AEP_00133	1
AEP_00134	1
AEP_00135	1
AEP_00136	1
AEP_00137	1
AEP_00138	1
AEP_00139	1
AEP_00140	1
AEP_00141	1
AEP_00142	1
AEP_00143	1
AEP_00145	1
AEP_00146	1
AEP_00147	1
AEP_00148	1
AEP_00149	1
AEP_00150	1
AEP_00151	1
AEP_00152	1
AEP_00153	1
AEP_00154	1
AEP_00155	1
AEP_00156	1
AEP_00157	1
AEP_00158	1
AEP_00159	1
AEP_00160	1
AEP_00161	1
AEP_00162	1
AEP_00163	1
AEP_00164	1
AEP_00165	1
AEP_00166	1
AEP_00167	1
AEP_00168	1
AEP_00169	1
AEP_00170	1
AEP_00171	1
AEP_00172	1
AEP_00173	1
AEP_00174	1
AEP_00175	1
AEP_00176	1
AEP_00177	1
AEP_00178	1
AEP_00179	1
AEP_00180	1
AEP_00181	1
AEP_00182	1
AEP_00183	1
AEP_00184	1
AEP_00185	1
AEP_00186	1
AEP_00187	1
AEP_00188	1
AEP_00189	1
AEP_00190	1
AEP_00191	1
AEP_00192	1
AEP_00193	1
AEP_00194	1
AEP_00195	1
AEP_00196	1
AEP_00197	1
AEP_00198	1
AEP_00199	1
AEP_00200	1
AEP_00201	1
AEP_00202	1
AEP_00203	1
AEP_00204	1
AEP_00205	1
AEP_00206	1
AEP_00207	1
AEP_00208	1
none	1
AEP_00209	1
AEP_00210	1
AEP_00211	1
AEP_00212	1
AEP_00213	1
AEP_00214	1
AEP_00215	1
AEP_00216	1
AEP_00217	1
AEP_00218	1
AEP_00219	1
AEP_00220	1
AEP_00221	1
AEP_00222	1
AEP_00223	1
AEP_00224	1
AEP_00225	1
AEP_00226	1
none	1
AEP_00227	1
AEP_00228	1
AEP_00229	1
AEP_00230	1
AEP_00231	1
none	1
AEP_00232	1
AEP_00233	1
AEP_00234	1
AEP_00235	1
AEP_00236	1
AEP_00237	1
AEP_00238	1
AEP_00239	1
AEP_00240	1
AEP_00241	1
AEP_00242	1
AEP_00243	1
AEP_00244	1
AEP_00245	1
AEP_00246	1
AEP_00247	1
AEP_00248	1
AEP_00249	1
AEP_00250	1
AEP_00251	1
AEP_00252	1
AEP_00253	1
AEP_00254	1
AEP_00255	1
AEP_00256	1
AEP_00257	1
AEP_00258	1
AEP_00259	1
AEP_00260	1
AEP_00261	1
AEP_00262	1
AEP_00263	1
AEP_00264	1
AEP_00265	1
AEP_00266	1
AEP_00267	1
AEP_00268	1
AEP_00269	1
AEP_00270	1
AEP_00271	1
AEP_00272	1
AEP_00273	1
AEP_00274	1
AEP_00275	1
AEP_00276	1
AEP_00277	1
AEP_00278	1
AEP_00279	1
AEP_00280	1
AEP_00281	1
AEP_00282	1
AEP_00283	1
AEP_00284	1
AEP_00285	1
AEP_00286	1
AEP_00287	1
AEP_00288	1
AEP_00289	1
AEP_00290	1
AEP_00291	1
AEP_00292	1
AEP_00293	1
AEP_00294	1
AEP_00295	1
AEP_00296	1
AEP_00297	1
AEP_00298	1
AEP_00299	1
AEP_00300	1
AEP_00301	1
AEP_00302	1
AEP_00303	1
AEP_00304	1
AEP_00305	1
AEP_00306	1
AEP_00307	1
AEP_00309	1
AEP_00310	1
AEP_00311	1
AEP_00312	1
AEP_00313	1
AEP_00314	1
AEP_00315	1
AEP_00316	1
AEP_00317	1
AEP_00318	1
AEP_00319	1
AEP_00320	1
AEP_00321	1
AEP_00323	1
AEP_00324	1
AEP_00325	1
AEP_00326	1
AEP_00327	1
AEP_00328	1
AEP_00329	1
AEP_00330	1
AEP_00331	1
AEP_00332	1
AEP_00333	1
AEP_00334	1
AEP_00335	1
AEP_00336	1
AEP_00337	1
AEP_00338	1
AEP_00339	1
AEP_00340	1
none	1
AEP_00342	1
AEP_00344	1
AEP_00345	1
AEP_00346	1
AEP_00347	1
AEP_00348	1
AEP_00349	1
AEP_00350	1
AEP_00351	1
AEP_00352	1
AEP_00353	1
AEP_00354	1
AEP_00355	1
AEP_00356	1
AEP_00357	1
AEP_00358	1
AEP_00359	1
AEP_00360	1
AEP_00361	1
AEP_00362	1
AEP_00363	1
AEP_00364	1
AEP_00365	1
AEP_00366	1
AEP_00367	1
AEP_00368	1
AEP_00369	1
AEP_00370	1
AEP_00371	1
AEP_00372	1
AEP_00374	1
AEP_00375	1
AEP_00376	1
AEP_00377	1
AEP_00378	1
AEP_00379	1
AEP_00380	1
AEP_00381	1
AEP_00382	1
AEP_00383	1
AEP_00384	1
AEP_00385	1
AEP_00386	1
AEP_00387	1
AEP_00388	1
AEP_00389	1
AEP_00390	1
AEP_00391	1
AEP_00392	1
AEP_00393	1
AEP_00394	1
AEP_00395	1
AEP_00396	1
AEP_00397	1
AEP_00398	1
AEP_00399	1
AEP_00400	1
AEP_00401	1
AEP_00402	1
AEP_00403	1
AEP_00404	1
AEP_00405	1
AEP_00406	1
AEP_00407	1
AEP_00408	1
AEP_00409	1
AEP_00410	1
AEP_00411	1
AEP_00412	1
AEP_00413	1
AEP_00414	1
AEP_00415	1
AEP_00416	1
AEP_00417	1
AEP_00418	1
AEP_00419	1
AEP_00420	1
AEP_00421	1
AEP_00422	1
AEP_00423	1
AEP_00424	1
AEP_00425	1
AEP_00426	1
AEP_00427	1
AEP_00428	1
AEP_00430	1
AEP_00431	1
AEP_00432	1
AEP_00433	1
AEP_00434	1
AEP_00435	1
AEP_00436	1
AEP_00437	1
AEP_00438	1
AEP_00439	1
AEP_00440	1
AEP_00441	1
AEP_00442	1
AEP_00443	1
AEP_00444	1
AEP_00445	1
AEP_00446	1
AEP_00447	1
AEP_00448	1
AEP_00449	1
AEP_00450	1
AEP_00451	1
AEP_00452	1
AEP_00453	1
AEP_00454	1
AEP_00455	1
AEP_00456	1
none	1
AEP_00457	1
AEP_00458	1
AEP_00459	1
AEP_00460	1
AEP_00461	1
AEP_00462	1
AEP_00464	1
AEP_00465	1
AEP_00466	1
AEP_00467	1
AEP_00468	1
AEP_00469	1
AEP_00470	1
AEP_00471	1
AEP_00472	1
AEP_00473	1
AEP_00474	1
AEP_00475	1
AEP_00476	1
AEP_00477	1
AEP_00478	1
AEP_00479	1
AEP_00480	1
AEP_00481	1
AEP_00482	1
AEP_00483	1
AEP_00484	1
AEP_00485	1
AEP_00486	1
AEP_00487	1
AEP_00490	1
AEP_00491	1
AEP_00492	1
AEP_00493	1
AEP_00494	1
AEP_00495	1
AEP_00496	1
AEP_00497	1
AEP_00498	1
AEP_00499	1
AEP_00500	1
AEP_00501	1
AEP_00502	1
AEP_00503	1
AEP_00504	1
AEP_00505	1
AEP_00506	1
AEP_00507	1
AEP_00508	1
AEP_00509	1
AEP_00510	1
AEP_00511	1
AEP_00512	1
AEP_00513	1
AEP_00514	1
AEP_00515	1
AEP_00516	1
AEP_00517	1
AEP_00518	1
AEP_00519	1
AEP_00520	1
AEP_00521	1
AEP_00522	1
AEP_00523	1
AEP_00524	1
AEP_00525	1
AEP_00526	1
AEP_00527	1
AEP_00528	1
AEP_00529	1
AEP_00530	1
AEP_00531	1
AEP_00532	1
AEP_00533	1
AEP_00534	1
AEP_00535	1
none	1
AEP_00536	1
AEP_00537	1
AEP_00538	1
AEP_00539	1
AEP_00540	1
AEP_00541	1
AEP_00542	1
AEP_00543	1
AEP_00544	1
AEP_00545	1
AEP_00546	1
AEP_00547	1
AEP_00548	1
AEP_00549	1
AEP_00550	1
AEP_00551	1
AEP_00552	1
AEP_00555	1
AEP_00556	1
AEP_00557	1
AEP_00558	1
AEP_00559	1
AEP_00560	1
AEP_00561	1
AEP_00562	1
AEP_00563	1
AEP_00564	1
AEP_00565	1
AEP_00566	1
AEP_00567	1
AEP_00568	1
AEP_00569	1
AEP_00570	1
AEP_00571	1
AEP_00572	1
AEP_00573	1
AEP_00574	1
AEP_00575	1
AEP_00576	1
AEP_00577	1
AEP_00578	1
AEP_00579	1
AEP_00580	1
AEP_00581	1
none	1
AEP_00583	1
AEP_00584	1
AEP_00585	1
AEP_00586	1
AEP_00587	1
AEP_00588	1
AEP_00589	1
AEP_00590	1
AEP_00591	1
AEP_00592	1
AEP_00593	1
AEP_00594	1
AEP_00595	1
AEP_00596	1
AEP_00597	1
AEP_00598	1
AEP_00599	1
AEP_00600	1
AEP_00601	1
AEP_00602	1
AEP_00603	1
AEP_00604	1
AEP_00605	1
AEP_00606	1
AEP_00607	1
AEP_00608	1
AEP_00609	1
AEP_00610	1
AEP_00611	1
AEP_00612	1
AEP_00613	1
AEP_00614	1
AEP_00615	1
AEP_00616	1
AEP_00617	1
AEP_00618	1
AEP_00619	1
AEP_00620	1
AEP_00621	1
AEP_00622	1
AEP_00623	1
AEP_00624	1
AEP_00625	1
AEP_00626	1
AEP_00627	1
AEP_00628	1
AEP_00629	1
AEP_00630	1
AEP_00631	1
AEP_00632	1
AEP_00633	1
AEP_00634	1
AEP_00635	1
AEP_00636	1
AEP_00637	1
AEP_00638	1
AEP_00639	1
AEP_00640	1
AEP_00641	1
AEP_00642	1
AEP_00643	1
AEP_00644	1
AEP_00645	1
AEP_00646	1
AEP_00647	1
AEP_00648	1
AEP_00649	1
AEP_00650	1
AEP_00651	1
AEP_00652	1
AEP_00653	1
AEP_00654	1
AEP_00655	1
AEP_00656	1
AEP_00657	1
AEP_00658	1
AEP_00659	1
AEP_00660	1
AEP_00661	1
AEP_00662	1
AEP_00663	1
AEP_00664	1
AEP_00665	1
AEP_00666	1
AEP_00667	1
AEP_00668	1
AEP_00669	1
AEP_00670	1
AEP_00671	1
AEP_00672	1
AEP_00673	1
AEP_00674	1
AEP_00675	1
AEP_00676	1
AEP_00677	1
AEP_00678	1
AEP_00679	1
AEP_00680	1
AEP_00681	1
none	1
AEP_00683	1
AEP_00684	1
AEP_00685	1
AEP_00686	1
AEP_00687	1
AEP_00688	1
AEP_00689	1
AEP_00690	1
AEP_00691	1
AEP_00692	1
AEP_00693	1
AEP_00694	1
AEP_00696	1
AEP_00697	1
AEP_00698	1
AEP_00699	1
AEP_00701	1
AEP_00702	1
AEP_00703	1
AEP_00704	1
AEP_00705	1
AEP_00706	1
AEP_00707	1
AEP_00708	1
AEP_00709	1
AEP_00710	1
AEP_00711	1
AEP_00712	1
AEP_00713	1
AEP_00714	1
AEP_00715	1
AEP_00716	1
AEP_00717	1
AEP_00718	1
AEP_00719	1
AEP_00720	1
AEP_00721	1
AEP_00722	1
AEP_00723	1
AEP_00724	1
AEP_00725	1
AEP_00726	1
AEP_00727	1
AEP_00728	1
AEP_00729	1
AEP_00730	1
AEP_00731	1
AEP_00732	1
AEP_00733	1
AEP_00734	1
AEP_00735	1
AEP_00736	1
AEP_00737	1
AEP_00738	1
AEP_00739	1
AEP_00740	1
AEP_00741	1
AEP_00742	1
AEP_00743	1
AEP_00744	1
AEP_00745	1
AEP_00746	1
AEP_00747	1
AEP_00748	1
AEP_00749	1
AEP_00750	1
AEP_00751	1
AEP_00752	1
AEP_00753	1
AEP_00754	1
AEP_00755	1
AEP_00756	1
AEP_00757	1
AEP_00758	1
AEP_00759	1
AEP_00760	1
AEP_00761	1
AEP_00762	1
AEP_00763	1
AEP_00764	1
AEP_00765	1
AEP_00766	1
AEP_00767	1
AEP_00768	1
AEP_00769	1
AEP_00770	1
AEP_00771	1
AEP_00772	1
AEP_00773	1
AEP_00774	1
AEP_00775	1
AEP_00776	1
AEP_00777	1
AEP_00778	1
AEP_00779	1
AEP_00780	1
AEP_00781	1
AEP_00782	1
AEP_00783	1
AEP_00784	1
AEP_00785	1
AEP_00786	1
AEP_00788	1
AEP_00789	1
AEP_00790	1
AEP_00791	1
AEP_00792	1
AEP_00793	1
AEP_00794	1
AEP_00795	1
AEP_00796	1
AEP_00797	1
AEP_00798	1
AEP_00799	1
AEP_00800	1
AEP_00801	1
AEP_00802	1
AEP_00803	1
AEP_00804	1
AEP_00805	1
AEP_00806	1
AEP_00807	1
AEP_00808	1
AEP_00809	1
none	1
AEP_00812	1
AEP_00814	1
AEP_00816	1
AEP_00817	1
AEP_00818	1
AEP_00819	1
AEP_00820	1
AEP_00821	1
AEP_00822	1
AEP_00823	1
AEP_00824	1
AEP_00825	1
AEP_00826	1
AEP_00827	1
AEP_00828	1
AEP_00829	1
AEP_00830	1
AEP_00831	1
AEP_00832	1
AEP_00833	1
AEP_00834	1
AEP_00835	1
AEP_00836	1
AEP_00837	1
AEP_00838	1
AEP_00839	1
AEP_00840	1
AEP_00841	1
AEP_00842	1
AEP_00843	1
AEP_00844	1
AEP_00845	1
AEP_00847	1
AEP_00848	1
AEP_00849	1
AEP_00850	1
AEP_00851	1
AEP_00852	1
AEP_00853	1
AEP_00855	1
AEP_00856	1
AEP_00857	1
AEP_00858	1
AEP_00859	1
AEP_00860	1
AEP_00861	1
AEP_00862	1
AEP_00863	1
AEP_00864	1
AEP_00865	1
AEP_00866	1
none	1
AEP_00868	1
AEP_00869	1
AEP_00873	1
AEP_00874	1
AEP_00875	1
AEP_00876	1
AEP_00878	1
AEP_00879	1
AEP_00880	1
AEP_00881	1
AEP_00882	1
AEP_00883	1
AEP_00884	1
AEP_00885	1
AEP_00886	1
AEP_00887	1
AEP_00888	1
AEP_00889	1
AEP_00890	1
AEP_00891	1
AEP_00892	1
AEP_00893	1
AEP_00894	1
AEP_00895	1
AEP_00896	1
AEP_00897	1
AEP_00898	1
AEP_00899	1
AEP_00900	1
AEP_00901	1
AEP_00902	1
AEP_00903	1
AEP_00904	1
AEP_00905	1
AEP_00906	1
AEP_00907	1
AEP_00908	1
AEP_00909	1
AEP_00910	1
AEP_00911	1
AEP_00912	1
AEP_00913	1
AEP_00914	1
AEP_00915	1
AEP_00916	1
AEP_00917	1
AEP_00918	1
AEP_00919	1
AEP_00920	1
AEP_00921	1
AEP_00922	1
AEP_00923	1
AEP_00924	1
AEP_00925	1
AEP_00926	1
AEP_00927	1
AEP_00928	1
AEP_00929	1
AEP_00930	1
AEP_00931	1
AEP_00932	1
AEP_00933	1
AEP_00934	1
AEP_00935	1
AEP_00936	1
AEP_00937	1
AEP_00938	1
AEP_00939	1
AEP_00940	1
AEP_00941	1
AEP_00942	1
AEP_00943	1
AEP_00944	1
AEP_00945	1
AEP_00946	1
AEP_00947	1
AEP_00948	1
AEP_00949	1
AEP_00950	1
AEP_00951	1
AEP_00952	1
AEP_00953	1
AEP_00954	1
AEP_00955	1
AEP_00956	1
AEP_00957	1
AEP_00958	1
AEP_00959	1
AEP_00961	1
AEP_00962	1
AEP_00963	1
AEP_00964	1
AEP_00965	1
AEP_00966	1
AEP_00967	1
AEP_00968	1
AEP_00969	1
AEP_00970	1
AEP_00971	1
none	1
AEP_00972	1
AEP_00973	1
AEP_00974	1
none	1
AEP_00975	1
AEP_00976	1
AEP_00977	1
AEP_00978	1
AEP_00979	1
AEP_00980	1
AEP_00981	1
AEP_00982	1
AEP_00983	1
AEP_00984	1
AEP_00985	1
AEP_00986	1
AEP_00987	1
AEP_00988	1
AEP_00989	1
AEP_00990	1
AEP_00992	1
AEP_00993	1
AEP_00994	1
AEP_00995	1
AEP_00996	1
AEP_00997	1
AEP_00998	1
AEP_00999	1
AEP_01000	1
AEP_01001	1
AEP_01002	1
AEP_01003	1
AEP_01004	1
AEP_01005	1
AEP_01006	1
AEP_01007	1
AEP_01008	1
AEP_01009	1
AEP_01010	1
AEP_01011	1
AEP_01012	1
AEP_01013	1
AEP_01014	1
AEP_01015	1
AEP_01016	1
AEP_01017	1
AEP_01018	1
AEP_01019	1
AEP_01020	1
AEP_01021	1
AEP_01022	1
AEP_01023	1
AEP_01024	1
AEP_01025	1
AEP_01026	1
AEP_01027	1
AEP_01028	1
AEP_01029	1
AEP_01030	1
AEP_01031	1
none	1
AEP_01032	1
AEP_01033	1
AEP_01034	1
AEP_01035	1
AEP_01036	1
AEP_01037	1
AEP_01038	1
AEP_01039	1
AEP_01040	1
AEP_01041	1
AEP_01042	1
AEP_01043	1
AEP_01044	1
AEP_01045	1
AEP_01046	1
AEP_01047	1
AEP_01048	1
AEP_01049	1
AEP_01050	1
AEP_01052	1
AEP_01053	1
AEP_01054	1
AEP_01055	1
AEP_01056	1
AEP_01057	1
AEP_01058	1
AEP_01059	1
AEP_01060	1
AEP_01062	1
AEP_01063	1
AEP_01064	1
AEP_01065	1
AEP_01066	1
AEP_01067	1
AEP_01068	1
AEP_01069	1
AEP_01070	1
AEP_01071	1
AEP_01072	1
AEP_01073	1
AEP_01074	1
AEP_01075	1
AEP_01076	1
AEP_01077	1
AEP_01078	1
AEP_01079	1
AEP_01080	1
AEP_01081	1
AEP_01082	1
AEP_01083	1
AEP_01084	1
AEP_01085	1
AEP_01086	1
AEP_01087	1
AEP_01088	1
AEP_01089	1
AEP_01090	1
none	1
none	1
none	1
AEP_01093	1
AEP_01094	1
AEP_01095	1
AEP_01096	1
AEP_01097	1
AEP_01098	1
AEP_01099	1
AEP_01100	1
AEP_01101	1
AEP_01103	1
AEP_01104	1
AEP_01105	1
AEP_01106	1
none	1
AEP_01107	1
AEP_01108	1
AEP_01109	1
AEP_01110	1
AEP_01111	1
AEP_01112	1
AEP_01113	1
AEP_01114	1
AEP_01115	1
AEP_01116	1
AEP_01117	1
AEP_01118	1
AEP_01119	1
AEP_01120	1
AEP_01121	1
AEP_01122	1
AEP_01123	1
AEP_01124	1
AEP_01126	1
AEP_01127	1
AEP_01128	1
AEP_01129	1
AEP_01130	1
AEP_01131	1
AEP_01132	1
AEP_01133	1
AEP_01134	1
AEP_01135	1
AEP_01136	1
AEP_01137	1
AEP_01138	1
AEP_01139	1
AEP_01140	1
AEP_01141	1
AEP_01142	1
AEP_01143	1
AEP_01144	1
AEP_01145	1
AEP_01146	1
AEP_01147	1
AEP_01148	1
AEP_01149	1
AEP_01150	1
AEP_01151	1
AEP_01152	1
AEP_01153	1
AEP_01154	1
AEP_01155	1
AEP_01156	1
AEP_01157	1
AEP_01158	1
AEP_01159	1
AEP_01160	1
AEP_01161	1
AEP_01162	1
AEP_01163	1
AEP_01164	1
AEP_01165	1
AEP_01166	1
AEP_01167	1
AEP_01168	1
AEP_01169	1
AEP_01170	1
AEP_01171	1
AEP_01172	1
AEP_01173	1
AEP_01174	1
AEP_01175	1
AEP_01176	1
AEP_01177	1
AEP_01178	1
AEP_01179	1
AEP_01180	1
AEP_01181	1
AEP_01182	1
AEP_01183	1
AEP_01184	1
AEP_01186	1
AEP_01187	1
AEP_01188	1
AEP_01189	1
AEP_01190	1
AEP_01191	1
AEP_01192	1
AEP_01193	1
AEP_01194	1
AEP_01195	1
AEP_01196	1
AEP_01197	1
AEP_01198	1
AEP_01199	1
AEP_01200	1
AEP_01201	1
AEP_01202	1
AEP_01203	1
AEP_01204	1
AEP_01205	1
AEP_01206	1
AEP_01207	1
AEP_01208	1
AEP_01209	1
AEP_01210	1
AEP_01211	1
AEP_01212	1
AEP_01213	1
AEP_01214	1
AEP_01215	1
AEP_01216	1
AEP_01217	1
AEP_01218	1
AEP_01219	1
AEP_01220	1
AEP_01221	1
AEP_01222	1
AEP_01223	1
AEP_01224	1
AEP_01225	1
AEP_01226	1
AEP_01227	1
AEP_01228	1
AEP_01229	1
AEP_01230	1
AEP_01231	1
AEP_01232	1
AEP_01233	1
AEP_01234	1
AEP_01235	1
AEP_01236	1
AEP_01237	1
AEP_01238	1
AEP_01239	1
AEP_01240	1
AEP_01241	1
AEP_01242	1
AEP_01243	1
AEP_01244	1
AEP_01245	1
AEP_01246	1
AEP_01247	1
AEP_01248	1
AEP_01249	1
AEP_01250	1
AEP_01251	1
AEP_01252	1
AEP_01253	1
AEP_01254	1
AEP_01255	1
AEP_01256	1
AEP_01257	1
AEP_01258	1
AEP_01259	1
AEP_01260	1
AEP_01261	1
AEP_01262	1
AEP_01263	1
AEP_01265	1
AEP_01266	1
AEP_01267	1
AEP_01268	1
AEP_01269	1
AEP_01270	1
AEP_01271	1
AEP_01272	1
AEP_01273	1
AEP_01274	1
AEP_01275	1
AEP_01276	1
AEP_01277	1
AEP_01278	1
AEP_01279	1
AEP_01280	1
AEP_01281	1
AEP_01282	1
AEP_01283	1
AEP_01284	1
AEP_01285	1
AEP_01286	1
AEP_01287	1
AEP_01288	1
AEP_01289	1
AEP_01290	1
AEP_01291	1
AEP_01292	1
AEP_01293	1
AEP_01294	1
AEP_01295	1
AEP_01296	1
AEP_01297	1
AEP_01298	1
AEP_01299	1
AEP_01300	1
AEP_01301	1
AEP_01302	1
AEP_01303	1
AEP_01304	1
AEP_01305	1
AEP_01306	1
AEP_01307	1
AEP_01308	1
AEP_01309	1
none	1
AEP_01311	1
AEP_01312	1
AEP_01313	1
AEP_01314	1
AEP_01315	1
AEP_01316	1
AEP_01317	1
AEP_01318	1
AEP_01319	1
AEP_01320	1
AEP_01321	1
AEP_01322	1
AEP_01323	1
AEP_01324	1
AEP_01325	1
AEP_01326	1
AEP_01327	1
AEP_01328	1
AEP_01329	1
AEP_01330	1
AEP_01331	1
AEP_01332	1
AEP_01333	1
AEP_01334	1
AEP_01335	1
AEP_01336	1
AEP_01337	1
AEP_01338	1
AEP_01339	1
AEP_01340	1
AEP_01341	1
AEP_01342	1
AEP_01343	1
AEP_01344	1
AEP_01345	1
none	1
AEP_01346	1
AEP_01347	1
AEP_01348	1
AEP_01349	1
AEP_01350	1
AEP_01351	1
AEP_01352	1
AEP_01353	1
AEP_01354	1
AEP_01355	1
AEP_01356	1
AEP_01357	1
AEP_01358	1
AEP_01359	1
AEP_01360	1
AEP_01361	1
AEP_01362	1
AEP_01363	1
AEP_01364	1
AEP_01365	1
AEP_01366	1
AEP_01367	1
AEP_01368	1
AEP_01369	1
AEP_01370	1
AEP_01371	1
AEP_01372	1
AEP_01373	1
AEP_01374	1
AEP_01375	1
AEP_01376	1
AEP_01377	1
AEP_01378	1
AEP_01379	1
AEP_01380	1
AEP_01384	1
AEP_01385	1
AEP_01386	1
AEP_01387	1
AEP_01388	1
AEP_01389	1
AEP_01390	1
AEP_01391	1
AEP_01392	1
AEP_01393	1
AEP_01394	1
AEP_01395	1
AEP_01396	1
AEP_01397	1
AEP_01398	1
AEP_01399	1
AEP_01400	1
AEP_01401	1
AEP_01402	1
none	1
none	1
AEP_01404	1
AEP_01405	1
AEP_01406	1
AEP_01407	1
AEP_01408	1
AEP_01409	1
AEP_01410	1
AEP_01411	1
AEP_01412	1
AEP_01414	1
AEP_01415	1
AEP_01416	1
AEP_01417	1
AEP_01418	1
AEP_01419	1
AEP_01420	1
AEP_01421	1
AEP_01422	1
AEP_01423	1
AEP_01424	1
AEP_01425	1
AEP_01426	1
AEP_01427	1
AEP_01428	1
AEP_01429	1
AEP_01430	1
AEP_01431	1
AEP_01432	1
AEP_01433	1
AEP_01434	1
AEP_01435	1
AEP_01436	1
AEP_01437	1
AEP_01438	1
AEP_01439	1
AEP_01440	1
AEP_01441	1
AEP_01442	1
AEP_01443	1
AEP_01444	1
AEP_01445	1
AEP_01446	1
AEP_01447	1
AEP_01448	1
AEP_01449	1
AEP_01450	1
AEP_01451	1
AEP_01452	1
AEP_01453	1
AEP_01454	1
AEP_01455	1
AEP_01456	1
AEP_01457	1
AEP_01458	1
AEP_01459	1
AEP_01460	1
AEP_01461	1
AEP_01462	1
AEP_01463	1
AEP_01464	1
AEP_01465	1
AEP_01466	1
AEP_01467	1
AEP_01468	1
AEP_01469	1
AEP_01470	1
AEP_01471	1
AEP_01472	1
AEP_01473	1
AEP_01474	1
AEP_01475	1
AEP_01476	1
AEP_01477	1
AEP_01478	1
AEP_01479	1
AEP_01480	1
AEP_01481	1
AEP_01482	1
AEP_01483	1
AEP_01484	1
AEP_01485	1
AEP_01486	1
AEP_01487	1
AEP_01488	1
AEP_01489	1
AEP_01490	1
AEP_01491	1
AEP_01492	1
AEP_01493	1
AEP_01494	1
AEP_01495	1
AEP_01496	1
AEP_01497	1
AEP_01498	1
AEP_01499	1
AEP_01500	1
AEP_01501	1
AEP_01502	1
AEP_01503	1
AEP_01504	1
AEP_01505	1
AEP_01506	1
AEP_01507	1
AEP_01508	1
AEP_01509	1
AEP_01510	1
AEP_01511	1
AEP_01512	1
AEP_01513	1
AEP_01514	1
AEP_01515	1
AEP_01517	1
AEP_01518	1
AEP_01519	1
AEP_01520	1
AEP_01521	1
AEP_01522	1
AEP_01523	1
AEP_01524	1
AEP_01525	1
AEP_01526	1
AEP_01527	1
AEP_01528	1
AEP_01530	1
AEP_01531	1
AEP_01532	1
AEP_01533	1
AEP_01534	1
AEP_01535	1
AEP_01536	1
AEP_01537	1
AEP_01538	1
AEP_01539	1
AEP_01540	1
AEP_01541	1
none	1
AEP_01545	1
AEP_01546	1
AEP_01547	1
AEP_01548	1
AEP_01551	1
AEP_01552	1
AEP_01553	1
AEP_01554	1
AEP_01555	1
AEP_01556	1
AEP_01557	1
AEP_01558	1
AEP_01559	1
AEP_01560	1
AEP_01562	1
AEP_01563	1
AEP_01564	1
AEP_01565	1
AEP_01566	1
AEP_01567	1
AEP_01568	1
AEP_01569	1
AEP_01570	1
AEP_01571	1
AEP_01572	1
AEP_01573	1
AEP_01574	1
AEP_01575	1
AEP_01576	1
AEP_01577	1
AEP_01578	1
AEP_01579	1
AEP_01580	1
AEP_01581	1
AEP_01582	1
AEP_01583	1
AEP_01584	1
AEP_01585	1
AEP_01586	1
AEP_01587	1
AEP_01588	1
AEP_01589	1
AEP_01590	1
AEP_01591	1
AEP_01592	1
AEP_01593	1
AEP_01594	1
AEP_01595	1
AEP_01596	1
AEP_01597	1
AEP_01598	1
AEP_01599	1
AEP_01600	1
AEP_01601	1
AEP_01602	1
AEP_01603	1
AEP_01604	1
AEP_01605	1
AEP_01606	1
AEP_01607	1
AEP_01609	1
AEP_01610	1
AEP_01611	1
AEP_01612	1
AEP_01613	1
AEP_01614	1
AEP_01616	1
AEP_01617	1
AEP_01618	1
AEP_01620	1
AEP_01622	1
AEP_01623	1
AEP_01624	1
AEP_01625	1
none	1
none	1
AEP_01628	1
AEP_01629	1
AEP_01630	1
AEP_01631	1
AEP_01632	1
none	1
AEP_01633	1
AEP_01634	1
AEP_01635	1
AEP_01636	1
AEP_01637	1
AEP_01638	1
AEP_01639	1
AEP_01640	1
none	1
AEP_01643	1
AEP_01644	1
AEP_01645	1
AEP_01646	1
AEP_01647	1
AEP_01648	1
AEP_01649	1
AEP_01650	1
AEP_01651	1
AEP_01652	1
AEP_01653	1
AEP_01654	1
AEP_01655	1
AEP_01656	1
AEP_01657	1
none	1
AEP_01658	1
AEP_01659	1
AEP_01660	1
AEP_01661	1
AEP_01662	1
AEP_01663	1
none	1
AEP_01664	1
AEP_01665	1
AEP_01666	1
AEP_01667	1
AEP_01668	1
AEP_01669	1
AEP_01670	1
AEP_01671	1
AEP_01672	1
none	1
AEP_01674	1
AEP_01675	1
none	1
AEP_01679	1
none	1
AEP_01680	1
none	1
AEP_01683	1
AEP_01684	1
none	1
none	1
AEP_01686	1
none	1
AEP_01689	1
AEP_01691	1
none	1
AEP_01692	1
AEP_01693	1
AEP_01694	1
AEP_01695	1
AEP_01696	1
AEP_01697	1
AEP_01698	1
AEP_01699	1
AEP_01700	1
AEP_01701	1
AEP_01702	1
AEP_01703	1
AEP_01704	1
AEP_01705	1
AEP_01706	1
AEP_01707	1
AEP_01708	1
AEP_01710	1
AEP_01711	1
AEP_01712	1
AEP_01713	1
AEP_01714	1
AEP_01715	1
AEP_01716	1
AEP_01717	1
AEP_01718	1
AEP_01719	1
AEP_01720	1
AEP_01721	1
AEP_01722	1
none	1
none	1
none	1
AEP_01727	1
AEP_01728	1
AEP_01729	1
AEP_01730	1
none	1
AEP_01732	1
AEP_01733	1
none	1
AEP_01736	1
AEP_01737	1
AEP_01738	1
AEP_01739	1
AEP_01740	1
AEP_01741	1
AEP_01742	1
AEP_01743	1
AEP_01744	1
AEP_01745	1
AEP_01746	1
AEP_01747	1
AEP_01748	1
AEP_01749	1
AEP_01750	1
AEP_01751	1
AEP_01752	1
AEP_01753	1
AEP_01754	1
AEP_01755	1
AEP_01756	1
AEP_01757	1
AEP_01758	1
AEP_01759	1
AEP_01760	1
AEP_01761	1
AEP_01762	1
AEP_01763	1
AEP_01764	1
AEP_01765	1
AEP_01766	1
AEP_01767	1
AEP_01768	1
AEP_01769	1
AEP_01770	1
AEP_01771	1
AEP_01772	1
none	1
AEP_01775	1
AEP_01776	1
AEP_01777	1
AEP_01778	1
AEP_01779	1
AEP_01780	1
AEP_01781	1
AEP_01782	1
AEP_01783	1
AEP_01784	1
AEP_01785	1
AEP_01786	1
AEP_01787	1
AEP_01788	1
AEP_01789	1
AEP_01790	1
AEP_01791	1
AEP_01792	1
AEP_01793	1
AEP_01794	1
AEP_01795	1
AEP_01796	1
AEP_01797	1
AEP_01798	1
AEP_01799	1
AEP_01800	1
AEP_01801	1
AEP_01802	1
AEP_01803	1
AEP_01804	1
AEP_01805	1
AEP_01806	1
AEP_01807	1
AEP_01808	1
AEP_01809	1
AEP_01810	1
AEP_01811	1
AEP_01812	1
AEP_01813	1
AEP_01814	1
AEP_01816	1
AEP_01817	1
AEP_01818	1
AEP_01819	1
AEP_01820	1
AEP_01821	1
AEP_01822	1
AEP_01823	1
AEP_01824	1
AEP_01825	1
AEP_01826	1
AEP_01827	1
AEP_01828	1
AEP_01829	1
AEP_01830	1
AEP_01831	1
AEP_01832	1
AEP_01833	1
AEP_01834	1
AEP_01835	1
AEP_01836	1
AEP_01837	1
AEP_01838	1
AEP_01839	1
AEP_01840	1
AEP_01841	1
AEP_01842	1
AEP_01843	1
AEP_01844	1
AEP_01845	1
AEP_01846	1
AEP_01847	1
AEP_01848	1
AEP_01849	1
AEP_01850	1
AEP_01851	1
AEP_01852	1
AEP_01853	1
AEP_01854	1
AEP_01855	1
AEP_01856	1
AEP_01857	1
AEP_01858	1
AEP_01859	1
AEP_01860	1
AEP_01861	1
AEP_01862	1
AEP_01863	1
AEP_01864	1
AEP_01865	1
AEP_01866	1
AEP_01867	1
AEP_01868	1
AEP_01869	1
AEP_01870	1
AEP_01871	1
AEP_01872	1
AEP_01873	1
AEP_01874	1
AEP_01875	1
AEP_01876	1
AEP_01877	1
AEP_01878	1
AEP_01879	1
AEP_01880	1
AEP_01881	1
AEP_01882	1
AEP_01883	1
AEP_01884	1
AEP_01885	1
AEP_01886	1
AEP_01887	1
AEP_01888	1
AEP_01889	1
AEP_01890	1
AEP_01891	1
AEP_01892	1
AEP_01893	1
AEP_01894	1
AEP_01895	1
AEP_01896	1
AEP_01897	1
AEP_01898	1
AEP_01899	1
AEP_01900	1
AEP_01901	1
AEP_01902	1
AEP_01903	1
AEP_01904	1
AEP_01905	1
AEP_01906	1
AEP_01907	1
AEP_01908	1
AEP_01909	1
AEP_01910	1
AEP_01911	1
AEP_01912	1
AEP_01913	1
AEP_01914	1
AEP_01915	1
AEP_01916	1
AEP_01917	1
AEP_01918	1
AEP_01919	1
AEP_01920	1
AEP_01921	1
AEP_01922	1
AEP_01923	1
AEP_01924	1
AEP_01925	1
AEP_01926	1
AEP_01927	1
AEP_01928	1
AEP_01929	1
AEP_01930	1
AEP_01931	1
AEP_01932	1
AEP_01933	1
AEP_01934	1
AEP_01935	1
AEP_01936	1
AEP_01937	1
AEP_01938	1
AEP_01939	1
AEP_01950	1
AEP_01951	1
AEP_01952	1
AEP_01953	1
AEP_01954	1
AEP_01955	1
AEP_01956	1
AEP_01957	1
AEP_01958	1
AEP_01959	1
AEP_01960	1
AEP_01961	1
none	1
AEP_01962	1
AEP_01963	1
AEP_01964	1
AEP_01965	1
AEP_01966	1
AEP_01967	1
AEP_01968	1
AEP_01969	1
AEP_01970	1
AEP_01971	1
AEP_01972	1
AEP_01973	1
AEP_01974	1
AEP_01975	1
AEP_01976	1
AEP_01977	1
AEP_01978	1
AEP_01979	1
AEP_01980	1
AEP_01981	1
AEP_01982	1
AEP_01983	1
AEP_01984	1
AEP_01985	1
AEP_01986	1
AEP_01987	1
AEP_01988	1
AEP_01989	1
AEP_01990	1
AEP_01991	1
AEP_01992	1
AEP_01993	1
AEP_01994	1
AEP_01995	1
AEP_01996	1
AEP_01997	1
AEP_01998	1
AEP_01999	1
AEP_02000	1
AEP_02001	1
AEP_02002	1
AEP_02003	1
AEP_02004	1
AEP_02005	1
AEP_02006	1
AEP_02007	1
AEP_02008	1
AEP_02009	1
AEP_02010	1
AEP_02011	1
AEP_02012	1
AEP_02013	1
AEP_02014	1
AEP_02015	1
AEP_02016	1
AEP_02017	1
AEP_02018	1
AEP_02019	1
AEP_02020	1
AEP_02021	1
AEP_02022	1
AEP_02023	1
none	1
AEP_02025	1
AEP_02026	1
AEP_02027	1
AEP_02028	1
AEP_02029	1
AEP_02030	1
AEP_02031	1
AEP_02032	1
AEP_02033	1
AEP_02034	1
AEP_02035	1
AEP_02036	1
AEP_02037	1
AEP_02038	1
AEP_02039	1
AEP_02040	1
AEP_02041	1
AEP_02042	1
AEP_02043	1
AEP_02045	1
AEP_02046	1
AEP_02047	1
AEP_02048	1
AEP_02049	1
AEP_02050	1
AEP_02051	1
AEP_02052	1
AEP_02053	1
AEP_02054	1
AEP_02055	1
AEP_02056	1
AEP_02057	1
AEP_02059	1
AEP_02063	1
AEP_02064	1
AEP_02065	1
AEP_02066	1
AEP_02067	1
AEP_02068	1
AEP_02069	1
AEP_02070	1
AEP_02071	1
AEP_02072	1
none	1
AEP_02073	1
AEP_02074	1
AEP_02075	1
AEP_02076	1
AEP_02077	1
AEP_02078	1
AEP_02079	1
AEP_02080	1
AEP_02081	1
AEP_02082	1
AEP_02083	1
AEP_02084	1
AEP_02085	1
AEP_02086	1
AEP_02087	1
AEP_02088	1
AEP_02089	1
AEP_02090	1
AEP_02091	1
AEP_02092	1
AEP_02093	1
AEP_02094	1
AEP_02095	1
AEP_02096	1
AEP_02097	1
AEP_02098	1
AEP_02099	1
AEP_02100	1
none	1
AEP_02102	1
AEP_02103	1
AEP_02104	1
AEP_02105	1
AEP_02106	1
AEP_02107	1
AEP_02108	1
AEP_02109	1
AEP_02110	1
AEP_02111	1
AEP_02112	1
AEP_02113	1
AEP_02114	1
AEP_02115	1
AEP_02116	1
AEP_02117	1
AEP_02118	1
AEP_02119	1
AEP_02120	1
AEP_02121	1
AEP_02122	1
AEP_02123	1
AEP_02124	1
AEP_02125	1
AEP_02126	1
AEP_02127	1
AEP_02128	1
AEP_02129	1
AEP_02130	1
AEP_02131	1
AEP_02132	1
AEP_02133	1
AEP_02134	1
none	1
none	1
AEP_02136	1
AEP_02137	1
AEP_02138	1
AEP_02139	1
AEP_02140	1
none	1
none	1
AEP_02142	1
AEP_02143	1
AEP_02144	1
AEP_02145	1
AEP_02146	1
AEP_02147	1
AEP_02148	1
AEP_02149	1
AEP_02150	1
AEP_02151	1
AEP_02152	1
AEP_02153	1
AEP_02154	1
AEP_02155	1
AEP_02156	1
AEP_02157	1
AEP_02158	1
AEP_02159	1
AEP_02160	1
AEP_02161	1
AEP_02162	1
AEP_02163	1
AEP_02164	1
AEP_02165	1
AEP_02166	1
AEP_02167	1
none	1
none	1
AEP_02169	1
AEP_02170	1
none	1
AEP_02172	1
AEP_02173	1
AEP_02174	1
AEP_02175	1
AEP_02176	1
AEP_02177	1
AEP_02178	1
AEP_02179	1
AEP_02180	1
AEP_02181	1
AEP_02182	1
AEP_02183	1
AEP_02184	1
AEP_02185	1
AEP_02186	1
AEP_02187	1
AEP_02188	1
AEP_02189	1
AEP_02190	1
AEP_02191	1
AEP_02192	1
AEP_02193	1
AEP_02194	1
AEP_02195	1
AEP_02196	1
AEP_02197	1
AEP_02198	1
AEP_02199	1
AEP_02200	1
AEP_02201	1
AEP_02202	1
AEP_02203	1
AEP_02204	1
AEP_02205	1
AEP_02206	1
AEP_02207	1
AEP_02208	1
AEP_02210	1
AEP_02211	1
AEP_02212	1
AEP_02213	1
AEP_02214	1
AEP_02215	1
AEP_02216	1
AEP_02217	1
AEP_02218	1
AEP_02219	1
AEP_02220	1
AEP_02221	1
AEP_02222	1
AEP_02223	1
AEP_02224	1
AEP_02225	1
AEP_02226	1
AEP_02227	1
AEP_02228	1
AEP_02229	1
AEP_02230	1
AEP_02231	1
AEP_02232	1
AEP_02233	1
AEP_02234	1
AEP_02235	1
AEP_02237	1
AEP_02238	1
AEP_02240	1
AEP_02241	1
AEP_02242	1
AEP_02243	1
AEP_02244	1
AEP_02245	1
AEP_02246	1
AEP_02247	1
AEP_02248	1
AEP_02249	1
AEP_02250	1
AEP_02251	1
none	1
AEP_02252	1
AEP_02253	1
AEP_02254	1
AEP_02255	1
AEP_02256	1
AEP_02257	1
AEP_02258	1
AEP_02259	1
AEP_02260	1
none	1
AEP_02262	1
AEP_02263	1
AEP_02264	1
AEP_02265	1
AEP_02266	1
AEP_02267	1
AEP_02268	1
AEP_02269	1
AEP_02270	1
AEP_02271	1
AEP_02272	1
AEP_02273	1
AEP_02274	1
AEP_02275	1
AEP_02276	1
AEP_02277	1
AEP_02278	1
AEP_02279	1
AEP_02280	1
AEP_02281	1
AEP_02282	1
AEP_02283	1
AEP_02284	1
AEP_02285	1
AEP_02286	1
AEP_02287	1
AEP_02288	1
AEP_02289	1
AEP_02290	1
AEP_02291	1
AEP_02292	1
AEP_02293	1
AEP_02294	1
AEP_02295	1
AEP_02296	1
AEP_02297	1
AEP_02298	1
AEP_02299	1
AEP_02300	1
AEP_02301	1
AEP_02302	1
AEP_02303	1
AEP_02304	1
AEP_02305	1
AEP_02306	1
AEP_02307	1
AEP_02308	1
AEP_02309	1
AEP_02310	1
AEP_02311	1
AEP_02312	1
AEP_02313	1
AEP_02314	1
AEP_02315	1
AEP_02316	1
AEP_02317	1
AEP_02318	1
AEP_02319	1
AEP_02320	1
AEP_02321	1
AEP_02322	1
AEP_02323	1
AEP_02324	1
AEP_02325	1
AEP_02326	1
AEP_02327	1
AEP_02328	1
AEP_02329	1
AEP_02330	1
AEP_02331	1
AEP_02332	1
AEP_02333	1
AEP_02334	1
AEP_02335	1
AEP_02336	1
AEP_02337	1
AEP_02338	1
AEP_02339	1
AEP_02340	1
AEP_02341	1
AEP_02342	1
AEP_02343	1
AEP_02344	1
AEP_02345	1
AEP_02346	1
AEP_02347	1
AEP_02348	1
AEP_02349	1
AEP_02350	1
AEP_02351	1
AEP_02352	1
AEP_02353	1
AEP_02354	1
AEP_02355	1
AEP_02356	1
AEP_02357	1
AEP_02358	1
AEP_02359	1
AEP_02360	1
AEP_02361	1
AEP_02362	1
AEP_02363	1
AEP_02364	1
AEP_02365	1
AEP_02366	1
AEP_02367	1
AEP_02368	1
none	1
AEP_02370	1
none	1
AEP_02372	1
AEP_02373	1
AEP_02374	1
AEP_02375	1
AEP_02376	1
AEP_02377	1
AEP_02378	1
AEP_02379	1
AEP_02380	1
AEP_02381	1
AEP_02382	1
AEP_02383	1
AEP_02384	1
AEP_02385	1
AEP_02386	1
AEP_02387	1
AEP_02388	1
AEP_02389	1
AEP_02390	1
AEP_02391	1
AEP_02392	1
AEP_02393	1
AEP_02394	1
AEP_02395	1
AEP_02396	1
AEP_02397	1
AEP_02398	1
AEP_02399	1
AEP_02400	1
AEP_02401	1
AEP_02402	1
AEP_02403	1
AEP_02404	1
AEP_02405	1
AEP_02406	1
AEP_02407	1
AEP_02408	1
AEP_02409	1
AEP_02410	1
AEP_02411	1
AEP_02412	1
AEP_02413	1
AEP_02414	1
AEP_02415	1
AEP_02416	1
AEP_02417	1
AEP_02418	1
AEP_02419	1
AEP_02420	1
AEP_02421	1
AEP_02422	1
AEP_02423	1
AEP_02424	1
AEP_02425	1
AEP_02426	1
AEP_02427	1
AEP_02428	1
AEP_02429	1
AEP_02430	1
AEP_02431	1
AEP_02432	1
AEP_02433	1
AEP_02434	1
AEP_02435	1
AEP_02436	1
AEP_02437	1
AEP_02438	1
AEP_02439	1
AEP_02440	1
AEP_02441	1
AEP_02442	1
AEP_02443	1
AEP_02444	1
AEP_02445	1
AEP_02446	1
AEP_02447	1
AEP_02448	1
AEP_02449	1
AEP_02450	1
AEP_02451	1
AEP_02452	1
AEP_02453	1
AEP_02454	1
AEP_02455	1
AEP_02456	1
AEP_02457	1
AEP_02458	1
AEP_02459	1
AEP_02460	1
AEP_02461	1
AEP_02462	1
AEP_02463	1
none	1
AEP_02465	1
AEP_02466	1
AEP_02467	1
AEP_02468	1
AEP_02469	1
AEP_02470	1
AEP_02471	1
AEP_02472	1
AEP_02473	1
AEP_02474	1
AEP_02475	1
AEP_02476	1
AEP_02477	1
AEP_02478	1
AEP_02479	1
AEP_02480	1
AEP_02481	1
AEP_02482	1
AEP_02483	1
AEP_02484	1
AEP_02485	1
AEP_02486	1
AEP_02487	1
AEP_02488	1
AEP_02489	1
AEP_02490	1
AEP_02491	1
AEP_02492	1
AEP_02494	1
AEP_02495	1
AEP_02496	1
AEP_02497	1
AEP_02498	1
AEP_02499	1
AEP_02500	1
AEP_02501	1
AEP_02502	1
AEP_02503	1
AEP_02504	1
AEP_02505	1
AEP_02506	1
AEP_02507	1
AEP_02508	1
AEP_02509	1
AEP_02510	1
AEP_02511	1
AEP_02512	1
AEP_02513	1
AEP_02514	1
AEP_02515	1
AEP_02516	1
AEP_02517	1
AEP_02518	1
AEP_02519	1
AEP_02520	1
AEP_02521	1
AEP_02522	1
AEP_02523	1
AEP_02524	1
AEP_02525	1
AEP_02526	1
AEP_02527	1
AEP_02528	1
AEP_02530	1
AEP_02531	1
AEP_02532	1
AEP_02533	1
AEP_02534	1
AEP_02535	1
AEP_02536	1
AEP_02537	1
AEP_02538	1
AEP_02539	1
AEP_02540	1
AEP_02541	1
AEP_02542	1
none	1
AEP_02544	1
AEP_02545	1
AEP_02546	1
AEP_02547	1
AEP_02548	1
AEP_02549	1
AEP_02550	1
AEP_02551	1
AEP_02552	1
AEP_02553	1
AEP_02554	1
AEP_02555	1
AEP_02556	1
AEP_02557	1
AEP_02558	1
AEP_02559	1
AEP_02560	1
AEP_02561	1
AEP_02562	1
AEP_02563	1
AEP_02564	1
AEP_02565	1
AEP_02566	1
AEP_02567	1
AEP_02568	1
AEP_02569	1
AEP_02570	1
AEP_02571	1
AEP_02572	1
AEP_02573	1
AEP_02574	1
AEP_02575	1
AEP_02576	1
AEP_02577	1
AEP_02578	1
AEP_02580	1
AEP_02581	1
AEP_02582	1
AEP_02583	1
AEP_02584	1
AEP_02585	1
AEP_02586	1
AEP_02587	1
AEP_02588	1
AEP_02589	1
AEP_02590	1
AEP_02591	1
AEP_02592	1
AEP_02593	1
AEP_02594	1
AEP_02595	1
AEP_02596	1
none	1
AEP_02598	1
AEP_02599	1
AEP_02600	1
AEP_02602	1
AEP_02603	1
AEP_02604	1
AEP_02605	1
AEP_02606	1
AEP_02607	1
AEP_02608	1
AEP_02609	1
none	1
AEP_02611	1
AEP_02612	1
AEP_02613	1
AEP_02614	1
AEP_02615	1
AEP_02616	1
AEP_02617	1
AEP_02618	1
AEP_02619	1
AEP_02620	1
AEP_02621	1
AEP_02622	1
AEP_02623	1
AEP_02624	1
AEP_02625	1
AEP_02626	1
AEP_02627	1
AEP_02628	1
AEP_02629	1
AEP_02630	1
AEP_02631	1
AEP_02632	1
AEP_02633	1
AEP_02634	1
AEP_02635	1
AEP_02636	1
AEP_02637	1
AEP_02639	1
AEP_02640	1
none	1
none	1
AEP_02642	1
AEP_02643	1
AEP_02644	1
AEP_02645	1
none	1
none	1
AEP_02647	1
none	1
none	1
AEP_02649	1
AEP_02650	1
AEP_02651	1
AEP_02652	1
AEP_02653	1
AEP_02654	1
AEP_02655	1
none	1
AEP_02657	1
AEP_02658	1
AEP_02659	1
AEP_02660	1
AEP_02661	1
AEP_02662	1
AEP_02663	1
AEP_02664	1
AEP_02665	1
AEP_02666	1
AEP_02667	1
AEP_02668	1
AEP_02669	1
AEP_02670	1
AEP_02671	1
AEP_02672	1
AEP_02673	1
AEP_02674	1
AEP_02675	1
AEP_02676	1
AEP_02677	1
AEP_02678	1
AEP_02679	1
AEP_02680	1
AEP_02681	1
AEP_02682	1
AEP_02683	1
AEP_02684	1
AEP_02685	1
AEP_02686	1
AEP_02687	1
AEP_02688	1
AEP_02689	1
AEP_02690	1
AEP_02691	1
AEP_02692	1
AEP_02693	1
AEP_02694	1
AEP_02695	1
AEP_02696	1
AEP_02697	1
AEP_02698	1
AEP_02699	1
AEP_02700	1
AEP_02701	1
AEP_02702	1
AEP_02703	1
AEP_02704	1
AEP_02705	1
AEP_02706	1
AEP_02707	1
AEP_02708	1
AEP_02709	1
AEP_02710	1
AEP_02711	1
AEP_02712	1
AEP_02713	1
AEP_02714	1
AEP_02715	1
AEP_02716	1
AEP_02717	1
AEP_02718	1
AEP_02719	1
AEP_02721	1
AEP_02722	1
AEP_02723	1
AEP_02724	1
AEP_02725	1
AEP_02726	1
AEP_02727	1
AEP_02728	1
AEP_02729	1
AEP_02730	1
AEP_02731	1
AEP_02732	1
AEP_02733	1
AEP_02734	1
AEP_02735	1
AEP_02736	1
AEP_02737	1
AEP_02738	1
AEP_02739	1
AEP_02740	1
AEP_02741	1
AEP_02742	1
AEP_02743	1
AEP_02744	1
AEP_02745	1
AEP_02746	1
AEP_02747	1
AEP_02748	1
AEP_02749	1
AEP_02750	1
AEP_02751	1
AEP_02752	1
AEP_02753	1
AEP_02754	1
AEP_02755	1
AEP_02756	1
AEP_02757	1
AEP_02758	1
AEP_02759	1
AEP_02760	1
AEP_02761	1
AEP_02762	1
AEP_02763	1
AEP_02764	1
AEP_02765	1
AEP_02766	1
AEP_02767	1
AEP_02768	1
AEP_02769	1
AEP_02770	1
AEP_02771	1
AEP_02772	1
AEP_02773	1
AEP_02774	1
AEP_02775	1
AEP_02776	1
AEP_02777	1
AEP_02778	1
AEP_02779	1
AEP_02780	1
AEP_02781	1
AEP_02782	1
AEP_02783	1
AEP_02784	1
AEP_02785	1
AEP_02787	1
AEP_02789	1
AEP_02790	1
AEP_02791	1
AEP_02792	1
AEP_02793	1
AEP_02794	1
AEP_02795	1
AEP_02796	1
AEP_02797	1
AEP_02798	1
AEP_02799	1
AEP_02800	1
AEP_02801	1
AEP_02802	1
AEP_02803	1
AEP_02804	1
AEP_02805	1
AEP_02806	1
AEP_02807	1
AEP_02808	1
AEP_02809	1
AEP_02810	1
AEP_02811	1
AEP_02812	1
AEP_02813	1
AEP_02814	1
AEP_02815	1
AEP_02816	1
AEP_02817	1
AEP_02818	1
AEP_02819	1
AEP_02820	1
AEP_02821	1
AEP_02822	1
AEP_02823	1
AEP_02824	1
AEP_02825	1
AEP_02826	1
AEP_02827	1
AEP_02828	1
AEP_02829	1
AEP_02830	1
AEP_02831	1
AEP_02832	1
AEP_02833	1
AEP_02834	1
AEP_02835	1
AEP_02836	1
AEP_02837	1
AEP_02838	1
AEP_02839	1
AEP_02840	1
AEP_02841	1
AEP_02842	1
AEP_02843	1
AEP_02844	1
AEP_02845	1
AEP_02846	1
AEP_02847	1
AEP_02848	1
AEP_02849	1
AEP_02850	1
AEP_02851	1
AEP_02852	1
AEP_02853	1
AEP_02854	1
AEP_02855	1
AEP_02856	1
AEP_02857	1
AEP_02858	1
AEP_02859	1
AEP_02860	1
AEP_02861	1
AEP_02862	1
AEP_02863	1
AEP_02864	1
AEP_02865	1
AEP_02866	1
AEP_02867	1
AEP_02868	1
AEP_02869	1
AEP_02870	1
AEP_02871	1
AEP_02872	1
AEP_02873	1
AEP_02874	1
AEP_02875	1
AEP_02876	1
AEP_02877	1
AEP_02878	1
AEP_02879	1
AEP_02880	1
AEP_02881	1
AEP_02882	1
AEP_02883	1
AEP_02884	1
AEP_02885	1
AEP_02886	1
AEP_02887	1
AEP_02888	1
AEP_02889	1
AEP_02890	1
AEP_02891	1
AEP_02892	1
AEP_02893	1
AEP_02894	1
AEP_02895	1
AEP_02896	1
AEP_02897	1
AEP_02898	1
AEP_02899	1
AEP_02900	1
AEP_02901	1
AEP_02902	1
AEP_02903	1
AEP_02904	1
AEP_02905	1
AEP_02906	1
AEP_02907	1
AEP_02908	1
AEP_02909	1
AEP_02910	1
AEP_02911	1
AEP_02912	1
AEP_02913	1
AEP_02914	1
AEP_02915	1
AEP_02916	1
AEP_02917	1
AEP_02918	1
AEP_02919	1
none	1
AEP_02920	1
AEP_02921	1
AEP_02922	1
AEP_02923	1
AEP_02924	1
AEP_02925	1
AEP_02926	1
AEP_02927	1
AEP_02928	1
AEP_02929	1
AEP_02930	1
AEP_02931	1
AEP_02932	1
AEP_02933	1
AEP_02934	1
AEP_02935	1
AEP_02936	1
AEP_02937	1
AEP_02938	1
AEP_02939	1
AEP_02940	1
AEP_02941	1
AEP_02942	1
AEP_02943	1
AEP_02944	1
AEP_02945	1
AEP_02946	1
AEP_02947	1
AEP_02948	1
AEP_02949	1
AEP_02950	1
none	1
AEP_02951	1
AEP_02952	1
AEP_02953	1
AEP_02954	1
AEP_02955	1
AEP_02957	1
AEP_02958	1
AEP_02959	1
AEP_02960	1
AEP_02961	1
AEP_02962	1
AEP_02963	1
AEP_02964	1
AEP_02965	1
AEP_02966	1
AEP_02967	1
AEP_02968	1
AEP_02969	1
AEP_02970	1
AEP_02971	1
AEP_02973	1
AEP_02974	1
AEP_02975	1
AEP_02976	1
AEP_02977	1
AEP_02978	1
AEP_02979	1
AEP_02980	1
AEP_02981	1
none	1
AEP_02982	1
AEP_02983	1
AEP_02984	1
AEP_02985	1
AEP_02986	1
none	1
AEP_02988	1
AEP_02990	1
AEP_02991	1
none	1
AEP_02992	1
AEP_02994	1
none	1
none	1
AEP_02995	1
AEP_02996	1
AEP_02997	1
AEP_02998	1
AEP_02999	1
AEP_03000	1
AEP_03001	1
AEP_03002	1
AEP_03003	1
AEP_03004	1
AEP_03005	1
AEP_03006	1
AEP_03007	1
AEP_03008	1
AEP_03009	1
AEP_03010	1
AEP_03011	1
AEP_03012	1
AEP_03013	1
AEP_03014	1
AEP_03015	1
AEP_03016	1
AEP_03017	1
AEP_03018	1
AEP_03019	1
AEP_03020	1
AEP_03021	1
AEP_03022	1
AEP_03023	1
AEP_03024	1
AEP_03025	1
AEP_03026	1
AEP_03027	1
AEP_03028	1
AEP_03029	1
AEP_03030	1
AEP_03031	1
AEP_03032	1
AEP_03034	1
AEP_03035	1
AEP_03036	1
AEP_03037	1
AEP_03038	1
AEP_03039	1
AEP_03040	1
AEP_03041	1
AEP_03042	1
AEP_03043	1
AEP_03044	1
AEP_03045	1
AEP_03046	1
AEP_03047	1
AEP_03048	1
AEP_03049	1
AEP_03050	1
AEP_03051	1
AEP_03052	1
AEP_03053	1
AEP_03054	1
AEP_03055	1
AEP_03056	1
AEP_03057	1
AEP_03058	1
AEP_03059	1
AEP_03060	1
AEP_03061	1
AEP_03062	1
AEP_03063	1
AEP_03064	1
AEP_03065	1
AEP_03066	1
AEP_03067	1
AEP_03068	1
AEP_03069	1
AEP_03070	1
AEP_03071	1
AEP_03072	1
AEP_03073	1
AEP_03074	1
AEP_03075	1
AEP_03076	1
AEP_03077	1
AEP_03078	1
AEP_03079	1
AEP_03080	1
AEP_03081	1
AEP_03082	1
AEP_03083	1
AEP_03084	1
AEP_03085	1
AEP_03086	1
AEP_03087	1
AEP_03088	1
AEP_03089	1
AEP_03090	1
AEP_03091	1
AEP_03092	1
AEP_03093	1
AEP_03094	1
AEP_03095	1
AEP_03096	1
AEP_03097	1
AEP_03098	1
AEP_03099	1
AEP_03100	1
AEP_03101	1
AEP_03102	1
AEP_03103	1
AEP_03104	1
AEP_03105	1
AEP_03106	1
AEP_03107	1
AEP_03108	1
AEP_03109	1
AEP_03110	1
AEP_03111	1
AEP_03112	1
AEP_03113	1
AEP_03114	1
AEP_03115	1
AEP_03116	1
AEP_03117	1
AEP_03118	1
AEP_03119	1
AEP_03120	1
AEP_03121	1
AEP_03122	1
AEP_03123	1
AEP_03124	1
AEP_03125	1
AEP_03126	1
AEP_03127	1
AEP_03128	1
AEP_03129	1
AEP_03130	1
AEP_03131	1
AEP_03132	1
none	1
AEP_03133	1
AEP_03134	1
AEP_03135	1
AEP_03136	1
AEP_03137	1
AEP_03138	1
AEP_03139	1
AEP_03140	1
AEP_03141	1
AEP_03142	1
AEP_03143	1
AEP_03144	1
AEP_03145	1
AEP_03146	1
AEP_03147	1
AEP_03148	1
AEP_03149	1
AEP_03150	1
AEP_03151	1
AEP_03152	1
AEP_03153	1
AEP_03154	1
AEP_03155	1
AEP_03156	1
AEP_03157	1
AEP_03158	1
AEP_03159	1
AEP_03160	1
AEP_03161	1
AEP_03162	1
AEP_03163	1
AEP_03164	1
AEP_03165	1
AEP_03166	1
AEP_03167	1
AEP_03168	1
AEP_03169	1
AEP_03170	1
AEP_03171	1
AEP_03173	1
AEP_03174	1
AEP_03175	1
AEP_03176	1
AEP_03177	1
AEP_03178	1
AEP_03179	1
AEP_03180	1
AEP_03181	1
AEP_03182	1
AEP_03183	1
AEP_03184	1
AEP_03185	1
AEP_03186	1
AEP_03187	1
AEP_03188	1
AEP_03189	1
AEP_03190	1
AEP_03191	1
AEP_03192	1
AEP_03193	1
AEP_03194	1
AEP_03195	1
AEP_03196	1
AEP_03197	1
AEP_03198	1
AEP_03199	1
AEP_03200	1
AEP_03201	1
AEP_03202	1
AEP_03203	1
AEP_03204	1
AEP_03205	1
AEP_03206	1
AEP_03207	1
AEP_03208	1
AEP_03209	1
AEP_03210	1
AEP_03211	1
AEP_03212	1
AEP_03213	1
AEP_03214	1
AEP_03215	1
AEP_03216	1
AEP_03217	1
AEP_03218	1
AEP_03219	1
AEP_03220	1
AEP_03221	1
AEP_03222	1
AEP_03223	1
AEP_03224	1
AEP_03225	1
AEP_03226	1
AEP_03227	1
AEP_03228	1
AEP_03229	1
AEP_03231	1
AEP_03232	1
AEP_03233	1
AEP_03234	1
AEP_03235	1
AEP_03237	1
AEP_03238	1
AEP_03239	1
AEP_03240	1
AEP_03241	1
AEP_03242	1
AEP_03243	1
AEP_03244	1
AEP_03245	1
AEP_03246	1
AEP_03247	1
AEP_03248	1
AEP_03249	1
AEP_03250	1
AEP_03251	1
AEP_03252	1
AEP_03253	1
AEP_03254	1
none	1
AEP_03255	1
AEP_03256	1
AEP_03257	1
AEP_03258	1
AEP_03259	1
AEP_03260	1
AEP_03261	1
AEP_03262	1
AEP_03263	1
AEP_03264	1
AEP_03265	1
AEP_03266	1
AEP_03268	1
AEP_03269	1
AEP_03270	1
AEP_03271	1
AEP_03272	1
AEP_03273	1
AEP_03274	1
AEP_03275	1
AEP_03276	1
AEP_03277	1
AEP_03278	1
AEP_03279	1
AEP_03280	1
AEP_03281	1
AEP_03282	1
AEP_03283	1
AEP_03284	1
AEP_03285	1
AEP_03286	1
none	1
AEP_03287	1
AEP_03288	1
AEP_03289	1
AEP_03290	1
AEP_03291	1
AEP_03292	1
AEP_03293	1
AEP_03294	1
AEP_03295	1
AEP_03296	1
AEP_03297	1
AEP_03298	1
AEP_03299	1
AEP_03300	1
AEP_03301	1
AEP_03302	1
AEP_03303	1
AEP_03304	1
AEP_03305	1
AEP_03306	1
AEP_03307	1
AEP_03308	1
AEP_03309	1
AEP_03310	1
AEP_03311	1
AEP_03312	1
AEP_03313	1
AEP_03314	1
AEP_03315	1
AEP_03316	1
AEP_03317	1
AEP_03318	1
AEP_03319	1
AEP_03320	1
AEP_03321	1
AEP_03322	1
AEP_03323	1
AEP_03324	1
AEP_03325	1
AEP_03326	1
AEP_03327	1
AEP_03328	1
AEP_03329	1
AEP_03330	1
AEP_03331	1
AEP_03332	1
AEP_03333	1
AEP_03334	1
AEP_03335	1
AEP_03336	1
AEP_03337	1
AEP_03338	1
AEP_03339	1
AEP_03340	1
AEP_03341	1
AEP_03342	1
AEP_03343	1
AEP_03344	1
none	1
AEP_03346	1
AEP_03347	1
AEP_03348	1
AEP_03349	1
AEP_03350	1
AEP_03351	1
AEP_03352	1
AEP_03353	1
AEP_03354	1
AEP_03355	1
AEP_03356	1
AEP_03357	1
AEP_03358	1
AEP_03359	1
AEP_03360	1
AEP_03361	1
AEP_03362	1
AEP_03363	1
AEP_03364	1
AEP_03365	1
AEP_03366	1
AEP_03367	1
AEP_03368	1
AEP_03369	1
AEP_03370	1
AEP_03371	1
AEP_03372	1
AEP_03373	1
AEP_03374	1
AEP_03375	1
AEP_03376	1
AEP_03377	1
AEP_03378	1
AEP_03379	1
AEP_03380	1
AEP_03381	1
AEP_03382	1
AEP_03383	1
AEP_03384	1
AEP_03385	1
AEP_03386	1
AEP_03387	1
AEP_03388	1
AEP_03389	1
AEP_03390	1
AEP_03391	1
AEP_03392	1
AEP_03393	1
AEP_03394	1
AEP_03395	1
AEP_03396	1
AEP_03397	1
none	1
AEP_03399	1
AEP_03400	1
AEP_03401	1
AEP_03402	1
AEP_03403	1
AEP_03404	1
AEP_03405	1
AEP_03406	1
AEP_03407	1
AEP_03408	1
AEP_03409	1
AEP_03410	1
AEP_03411	1
AEP_03412	1
AEP_03413	1
AEP_03414	1
AEP_03415	1
AEP_03416	1
AEP_03417	1
AEP_03418	1
AEP_03419	1
AEP_03420	1
AEP_03421	1
AEP_03422	1
AEP_03423	1
AEP_03424	1
AEP_03425	1
AEP_03426	1
AEP_03427	1
AEP_03428	1
AEP_03429	1
AEP_03430	1
AEP_03431	1
AEP_03432	1
AEP_03433	1
AEP_03434	1
AEP_03435	1
none	1
AEP_03436	1
AEP_03437	1
AEP_03438	1
AEP_03439	1
AEP_03440	1
none	1
AEP_03442	1
AEP_03443	1
AEP_03445	1
AEP_03446	1
AEP_03447	1
AEP_03448	1
AEP_03449	1
AEP_03450	1
none	1
AEP_03451	1
AEP_03452	1
AEP_03453	1
AEP_03454	1
AEP_03455	1
AEP_03456	1
AEP_03457	1
AEP_03458	1
AEP_03459	1
AEP_03460	1
AEP_03461	1
AEP_03462	1
AEP_03463	1
AEP_03464	1
AEP_03465	1
AEP_03466	1
AEP_03467	1
AEP_03468	1
AEP_03469	1
AEP_03470	1
AEP_03471	1
AEP_03472	1
AEP_03473	1
AEP_03474	1
AEP_03475	1
AEP_03476	1
AEP_03477	1
AEP_03478	1
AEP_03479	1
AEP_03480	1
AEP_03481	1
AEP_03482	1
AEP_03483	1
AEP_03484	1
AEP_03485	1
AEP_03486	1
AEP_03487	1
AEP_03488	1
AEP_03489	1
AEP_03490	1
AEP_03492	1
AEP_03493	1
AEP_03494	1
AEP_03495	1
AEP_03496	1
AEP_03497	1
AEP_03498	1
AEP_03499	1
AEP_03500	1
AEP_03501	1
AEP_03502	1
AEP_03503	1
AEP_03504	1
AEP_03505	1
AEP_03506	1
AEP_03507	1
AEP_03508	1
AEP_03509	1
AEP_03510	1
AEP_03511	1
AEP_03512	1
AEP_03513	1
AEP_03514	1
AEP_03515	1
AEP_03516	1
AEP_03517	1
AEP_03518	1
AEP_03519	1
AEP_03520	1
AEP_03521	1
AEP_03522	1
AEP_03523	1
AEP_03524	1
AEP_03525	1
AEP_03526	1
AEP_03527	1
AEP_03528	1
AEP_03529	1
AEP_03530	1
AEP_03531	1
AEP_03532	1
AEP_03533	1
AEP_03534	1
AEP_03535	1
AEP_03536	1
AEP_03537	1
AEP_03538	1
AEP_03539	1
AEP_03540	1
AEP_03541	1
AEP_03542	1
AEP_03543	1
AEP_03544	1
AEP_03545	1
AEP_03546	1
AEP_03547	1
AEP_03548	1
AEP_03549	1
AEP_03550	1
AEP_03551	1
AEP_03552	1
AEP_03553	1
AEP_03554	1
AEP_03555	1
none	1
AEP_03556	1
AEP_03557	1
AEP_03558	1
AEP_03559	1
AEP_03560	1
AEP_03561	1
AEP_03562	1
AEP_03563	1
AEP_03564	1
AEP_03565	1
AEP_03566	1
AEP_03567	1
AEP_03568	1
AEP_03569	1
AEP_03570	1
AEP_03571	1
AEP_03572	1
AEP_03573	1
AEP_03574	1
AEP_03575	1
AEP_03576	1
AEP_03577	1
AEP_03578	1
AEP_03579	1
AEP_03580	1
AEP_03581	1
AEP_03582	1
AEP_03583	1
AEP_03584	1
AEP_03585	1
AEP_03586	1
AEP_03587	1
AEP_03588	1
AEP_03589	1
AEP_03590	1
AEP_03591	1
AEP_03592	1
AEP_03593	1
AEP_03594	1
AEP_03595	1
AEP_03596	1
AEP_03597	1
AEP_03598	1
AEP_03599	1
AEP_03600	1
AEP_03601	1
AEP_03602	1
AEP_03603	1
AEP_03604	1
AEP_03605	1
AEP_03606	1
AEP_03607	1
AEP_03608	1
AEP_03609	1
AEP_03610	1
AEP_03611	1
AEP_03612	1
AEP_03613	1
AEP_03614	1
AEP_03615	1
AEP_03616	1
AEP_03618	1
AEP_03619	1
AEP_03620	1
AEP_03621	1
AEP_03622	1
AEP_03623	1
AEP_03624	1
AEP_03625	1
AEP_03626	1
AEP_03627	1
AEP_03628	1
AEP_03629	1
AEP_03630	1
AEP_03631	1
AEP_03632	1
AEP_03633	1
AEP_03634	1
AEP_03635	1
AEP_03636	1
AEP_03637	1
AEP_03638	1
AEP_03639	1
AEP_03640	1
AEP_03641	1
AEP_03642	1
AEP_03643	1
AEP_03644	1
AEP_03645	1
AEP_03646	1
AEP_03647	1
AEP_03648	1
AEP_03649	1
AEP_03650	1
AEP_03651	1
AEP_03652	1
AEP_03653	1
AEP_03654	1
AEP_03655	1
AEP_03656	1
AEP_03658	1
AEP_03659	1
AEP_03660	1
AEP_03661	1
AEP_03662	1
AEP_03663	1
AEP_03664	1
AEP_03665	1
none	1
AEP_03667	1
AEP_03668	1
AEP_03669	1
AEP_03670	1
AEP_03671	1
AEP_03672	1
AEP_03673	1
none	1
none	1
AEP_03678	1
AEP_03679	1
none	1
AEP_03680	1
AEP_03681	1
AEP_03682	1
AEP_03683	1
AEP_03684	1
AEP_03685	1
AEP_03686	1
AEP_03687	1
AEP_03688	1
AEP_03689	1
AEP_03690	1
AEP_03691	1
AEP_03692	1
AEP_03693	1
AEP_03694	1
AEP_03695	1
AEP_03696	1
none	1
AEP_03698	1
AEP_03700	1
AEP_03701	1
none	1
AEP_03704	1
AEP_03705	1
AEP_03707	1
AEP_03708	1
AEP_03709	1
AEP_03710	1
AEP_03711	1
AEP_03712	1
AEP_03713	1
AEP_03714	1
AEP_03715	1
AEP_03716	1
AEP_03718	1
AEP_03719	1
AEP_03720	1
AEP_03721	1
AEP_03722	1
AEP_03723	1
AEP_03724	1
AEP_03725	1
AEP_03726	1
AEP_03727	1
AEP_03728	1
AEP_03729	1
AEP_03730	1
AEP_03731	1
AEP_03732	1
AEP_03733	1
AEP_03734	1
AEP_03735	1
AEP_03736	1
AEP_03737	1
AEP_03738	1
AEP_03739	1
AEP_03740	1
AEP_03741	1
AEP_03742	1
AEP_03743	1
AEP_03744	1
AEP_03745	1
AEP_03746	1
AEP_03747	1
AEP_03748	1
AEP_03749	1
AEP_03750	1
AEP_03751	1
AEP_03752	1
AEP_03753	1
AEP_03754	1
AEP_03755	1
AEP_03756	1
AEP_03757	1
AEP_03758	1
AEP_03760	1
AEP_03761	1
AEP_03762	1
AEP_03763	1
AEP_03764	1
AEP_03765	1
AEP_03766	1
AEP_03767	1
AEP_03768	1
AEP_03769	1
AEP_03770	1
AEP_03771	1
AEP_03772	1
AEP_03773	1
AEP_03774	1
AEP_03775	1
AEP_03776	1
AEP_03777	1
AEP_03778	1
AEP_03779	1
AEP_03780	1
AEP_03781	1
AEP_03782	1
AEP_03783	1
AEP_03784	1
AEP_03785	1
AEP_03786	1
AEP_03787	1
AEP_03788	1
AEP_03789	1
AEP_03790	1
AEP_03791	1
AEP_03792	1
AEP_03793	1
AEP_03794	1
AEP_03795	1
AEP_03796	1
AEP_03797	1
AEP_03798	1
AEP_03799	1
AEP_03800	1
AEP_03801	1
AEP_03802	1
AEP_03803	1
AEP_03804	1
AEP_03805	1
AEP_03806	1
AEP_03807	1
AEP_03808	1
AEP_03809	1
AEP_03810	1
AEP_03811	1
AEP_03812	1
AEP_03813	1
none	1
AEP_03816	1
AEP_03817	1
AEP_03818	1
AEP_03819	1
AEP_03820	1
AEP_03821	1
AEP_03822	1
AEP_03823	1
AEP_03824	1
AEP_03825	1
AEP_03826	1
AEP_03827	1
AEP_03828	1
AEP_03829	1
AEP_03830	1
AEP_03831	1
AEP_03832	1
AEP_03833	1
AEP_03834	1
AEP_03835	1
AEP_03836	1
AEP_03837	1
AEP_03838	1
AEP_03839	1
AEP_03840	1
AEP_03841	1
AEP_03842	1
AEP_03843	1
AEP_03844	1
AEP_03845	1
AEP_03846	1
AEP_03847	1
AEP_03848	1
AEP_03849	1
AEP_03850	1
AEP_03851	1
AEP_03852	1
AEP_03853	1
AEP_03854	1
AEP_03855	1
AEP_03856	1
AEP_03857	1
AEP_03858	1
AEP_03859	1
AEP_03860	1
AEP_03861	1
AEP_03862	1
AEP_03863	1
AEP_03864	1
AEP_03865	1
AEP_03866	1
AEP_03867	1
AEP_03868	1
AEP_03869	1
AEP_03870	1
AEP_03871	1
AEP_03872	1
AEP_03873	1
AEP_03874	1
AEP_03875	1
AEP_03876	1
AEP_03877	1
AEP_03878	1
AEP_03879	1
AEP_03880	1
AEP_03881	1
AEP_03882	1
AEP_03883	1
AEP_03884	1
AEP_03885	1
AEP_03886	1
AEP_03887	1
AEP_03888	1
AEP_03889	1
AEP_03890	1
AEP_03891	1
AEP_03892	1
AEP_03893	1
AEP_03894	1
AEP_03895	1
AEP_03896	1
none	1
AEP_03898	1
AEP_03899	1
AEP_03900	1
AEP_03901	1
AEP_03902	1
AEP_03903	1
AEP_03904	1
AEP_03905	1
AEP_03906	1
AEP_03907	1
AEP_03908	1
AEP_03909	1
AEP_03910	1
AEP_03911	1
AEP_03912	1
AEP_03913	1
AEP_03914	1
AEP_03915	1
AEP_03916	1
AEP_03917	1
AEP_03918	1
AEP_03919	1
AEP_03920	1
AEP_03921	1
AEP_03922	1
AEP_03923	1
AEP_03924	1
AEP_03925	1
AEP_03926	1
AEP_03927	1
AEP_03928	1
AEP_03929	1
AEP_03930	1
AEP_03931	1
AEP_03932	1
AEP_03933	1
AEP_03934	1
AEP_03935	1
AEP_03936	1
AEP_03937	1
AEP_03938	1
AEP_03939	1
AEP_03940	1
AEP_03941	1
AEP_03942	1
AEP_03943	1
AEP_03944	1
AEP_03945	1
AEP_03946	1
AEP_03947	1
AEP_03948	1
AEP_03949	1
AEP_03950	1
AEP_03951	1
AEP_03952	1
AEP_03953	1
none	1
AEP_03956	1
AEP_03957	1
AEP_03958	1
AEP_03959	1
AEP_03960	1
AEP_03961	1
AEP_03962	1
AEP_03963	1
none	1
AEP_03964	1
AEP_03965	1
AEP_03966	1
AEP_03967	1
AEP_03968	1
AEP_03969	1
AEP_03970	1
AEP_03971	1
AEP_03972	1
AEP_03973	1
AEP_03974	1
AEP_03975	1
AEP_03976	1
AEP_03977	1
AEP_03978	1
AEP_03979	1
AEP_03980	1
AEP_03981	1
AEP_03982	1
AEP_03983	1
AEP_03984	1
AEP_03985	1
AEP_03986	1
AEP_03987	1
AEP_03988	1
AEP_03989	1
AEP_03990	1
AEP_03991	1
AEP_03992	1
AEP_03993	1
AEP_03994	1
AEP_03995	1
AEP_03996	1
AEP_03997	1
AEP_03998	1
AEP_03999	1
AEP_04000	1
none	1
AEP_04001	1
AEP_04002	1
AEP_04003	1
AEP_04004	1
AEP_04005	1
AEP_04006	1
AEP_04007	1
AEP_04008	1
AEP_04009	1
AEP_04010	1
AEP_04011	1
AEP_04012	1
AEP_04013	1
AEP_04015	1
AEP_04016	1
AEP_04018	1
AEP_04019	1
AEP_04020	1
AEP_04021	1
AEP_04022	1
AEP_04023	1
AEP_04024	1
AEP_04025	1
AEP_04026	1
AEP_04027	1
AEP_04028	1
AEP_04029	1
AEP_04030	1
AEP_04031	1
AEP_04032	1
AEP_04033	1
AEP_04034	1
AEP_04035	1
AEP_04036	1
AEP_04037	1
AEP_04038	1
AEP_04039	1
AEP_04040	1
AEP_04041	1
AEP_04042	1
AEP_04043	1
AEP_04044	1
AEP_04045	1
AEP_04046	1
AEP_04047	1
AEP_04048	1
AEP_04049	1
AEP_04050	1
AEP_04051	1
none	1
AEP_04053	1
AEP_04054	1
AEP_04055	1
AEP_04056	1
AEP_04057	1
AEP_04058	1
AEP_04059	1
AEP_04060	1
AEP_04061	1
AEP_04062	1
AEP_04063	1
AEP_04064	1
AEP_04065	1
AEP_04066	1
AEP_04067	1
AEP_04068	1
AEP_04069	1
AEP_04070	1
AEP_04071	1
AEP_04072	1
AEP_04073	1
AEP_04074	1
AEP_04075	1
AEP_04076	1
AEP_04077	1
AEP_04078	1
AEP_04079	1
AEP_04080	1
AEP_04081	1
AEP_04082	1
AEP_04083	1
AEP_04084	1
AEP_04085	1
AEP_04086	1
AEP_04087	1
AEP_04088	1
AEP_04089	1
AEP_04090	1
AEP_04091	1
AEP_04092	1
AEP_04093	1
AEP_04094	1
AEP_04095	1
none	1
AEP_04096	1
AEP_04097	1
AEP_04098	1
AEP_04099	1
AEP_04100	1
AEP_04101	1
AEP_04102	1
AEP_04103	1
AEP_04104	1
AEP_04105	1
AEP_04106	1
AEP_04107	1
AEP_04108	1
AEP_04110	1
AEP_04111	1
AEP_04112	1
AEP_04113	1
AEP_04114	1
AEP_04115	1
